lnwage,educ,exper,expsq,black,south,smsa,age,agesq,nearc4
0,0,841,6.3063,29,16,1,2.56,7,1
0,0,729,6.1759,27,9,0,0.81,12,1
0,0,1156,6.5806,34,16,0,2.56,12,1
1,0,729,5.5215,27,10,0,1.0,11,1
1,0,1156,6.5917,34,16,0,2.56,12,1
1,0,676,6.2146,26,8,0,0.64,12,1
1,0,1089,6.3368,33,9,0,0.81,18,1
1,0,841,6.4102,29,9,0,0.81,14,1
1,0,784,6.0521,28,10,0,1.0,12,1
1,0,841,6.2442,29,11,0,1.21,12,1
1,0,784,5.4161,28,13,0,1.69,9,1
1,0,676,5.9915,26,8,0,0.64,12,1
1,0,576,6.0331,24,7,0,0.49,11,1
1,0,900,5.3799,30,13,0,1.69,11,1
1,0,961,6.7957,31,9,1,0.81,16,1
1,0,576,5.7038,24,4,0,0.16,14,1
1,0,1156,5.8464,34,16,0,2.56,12,1
1,0,841,6.4892,29,9,0,0.81,14,1
1,0,676,6.3544,26,10,0,1.0,10,1
1,0,1024,6.4754,32,14,0,1.96,12,1
1,1,1024,6.8501,32,8,0,0.64,18,1
1,0,1156,6.42,34,10,0,1.0,18,1
1,0,1024,6.5876,32,11,0,1.21,15,0
1,0,784,6.4036,28,10,0,1.0,12,1
1,0,1024,6.541,32,14,0,1.96,12,1
1,0,1156,7.2442,34,10,0,1.0,18,0
1,0,676,5.7038,26,8,0,0.64,12,1
1,0,1024,7.4955,32,8,0,0.64,18,1
1,0,625,6.0234,25,7,0,0.49,12,1
1,0,841,6.4489,29,9,0,0.81,14,0
1,0,625,5.3375,25,7,0,0.49,12,1
1,0,625,6.1247,25,7,1,0.49,12,1
1,0,576,6.7142,24,2,0,0.04,16,1
1,0,1156,6.3578,34,10,0,1.0,18,1
1,0,784,5.5413,28,11,0,1.21,11,1
1,0,900,6.869,30,8,0,0.64,16,1
1,0,961,6.8501,31,15,0,2.25,10,1
1,0,1156,7.044,34,10,0,1.0,18,1
1,0,729,5.7807,27,15,0,2.25,6,1
1,0,576,5.4596,24,7,1,0.49,11,1
1,0,1156,6.9078,34,16,0,2.56,12,1
1,0,676,6.1759,26,11,0,1.21,9,1
1,0,1024,6.4362,32,11,0,1.21,15,1
1,0,1156,6.477,34,17,0,2.89,11,1
1,0,576,5.8406,24,6,1,0.36,12,1
1,1,576,5.9402,24,2,0,0.04,16,1
1,0,576,5.8665,24,6,0,0.36,12,1
1,0,625,6.4907,25,6,0,0.36,13,1
1,0,784,6.4313,28,5,0,0.25,17,1
1,0,625,6.0868,25,7,0,0.49,12,1
1,0,676,6.6039,26,8,1,0.64,12,1
1,1,961,5.6348,31,14,1,1.96,11,0
1,0,576,6.073,24,8,0,0.64,10,1
1,0,729,6.5582,27,9,0,0.81,12,1
1,0,729,6.0521,27,9,0,0.81,12,1
1,0,576,6.3474,24,6,0,0.36,12,1
1,0,900,6.2879,30,8,0,0.64,16,1
1,0,1024,6.6067,32,10,0,1.0,16,1
1,0,1024,6.5117,32,13,0,1.69,13,1
1,0,1156,6.6451,34,16,0,2.56,12,1
1,0,576,6.3835,24,6,0,0.36,12,1
1,0,576,5.3613,24,9,1,0.81,9,1
1,0,1156,7.3544,34,12,0,1.44,16,1
1,0,784,6.6516,28,6,0,0.36,16,1
1,1,676,6.3969,26,8,0,0.64,12,1
1,0,576,6.541,24,0,0,0.0,18,1
1,0,961,6.3456,31,12,0,1.44,13,1
1,0,784,6.0707,28,8,0,0.64,14,1
1,0,784,6.2879,28,7,0,0.49,15,1
1,0,625,6.4409,25,7,0,0.49,12,1
1,0,961,6.1759,31,17,0,2.89,8,1
1,0,676,6.3008,26,8,0,0.64,12,1
1,0,625,6.3561,25,7,0,0.49,12,1
1,0,625,6.5511,25,3,0,0.09,16,1
1,0,784,6.6695,28,6,0,0.36,16,1
1,0,729,6.9197,27,4,0,0.16,17,1
1,0,576,6.6307,24,6,0,0.36,12,1
1,0,841,6.3986,29,9,0,0.81,14,1
1,0,576,5.6454,24,6,0,0.36,12,1
1,0,576,5.5215,24,6,0,0.36,12,1
1,0,676,6.2146,26,8,0,0.64,12,1
1,0,961,6.3099,31,14,0,1.96,11,1
1,0,625,7.0414,25,7,0,0.49,12,1
1,1,961,6.697,31,7,0,0.49,18,1
1,0,784,5.7462,28,10,1,1.0,12,1
1,0,625,6.5944,25,1,0,0.01,18,1
1,0,625,6.4378,25,3,0,0.09,16,1
1,0,576,6.3767,24,4,0,0.16,14,1
1,0,676,5.9269,26,6,0,0.36,14,1
1,1,841,6.7056,29,7,0,0.49,16,1
1,0,900,6.7627,30,10,0,1.0,14,1
1,1,784,5.8579,28,7,0,0.49,15,1
1,1,576,5.3083,24,5,0,0.25,13,1
1,1,1024,6.2246,32,13,0,1.69,13,1
1,0,900,6.7044,30,7,0,0.49,17,1
1,0,676,6.4378,26,2,0,0.04,18,1
1,0,1024,6.6451,32,8,0,0.64,18,1
1,0,729,6.2146,27,4,0,0.16,17,1
1,0,729,6.4281,27,4,0,0.16,17,1
1,0,900,6.477,30,12,0,1.44,12,1
1,0,784,6.6451,28,4,0,0.16,18,1
1,0,676,6.2383,26,8,0,0.64,12,1
1,0,961,6.4378,31,7,0,0.49,18,1
1,0,961,7.013,31,11,0,1.21,14,1
1,0,784,6.5806,28,9,0,0.81,13,1
1,0,1024,7.051,32,12,0,1.44,14,1
1,0,1156,6.7178,34,10,0,1.0,18,0
1,0,1156,6.8276,34,12,0,1.44,16,1
1,0,784,6.981,28,5,0,0.25,17,1
1,0,1089,6.4378,33,15,0,2.25,12,1
1,0,729,6.1312,27,8,0,0.64,13,1
1,0,576,6.8024,24,4,1,0.16,14,1
1,0,841,6.525,29,5,0,0.25,18,1
1,0,576,6.0186,24,6,0,0.36,12,1
1,0,729,6.4378,27,8,0,0.64,13,1
1,0,1024,6.9127,32,8,0,0.64,18,1
1,0,576,6.5862,24,7,0,0.49,11,1
1,0,729,6.6201,27,6,0,0.36,15,1
1,0,841,6.271,29,9,0,0.81,14,1
1,0,841,6.8794,29,6,0,0.36,17,1
1,0,676,6.157,26,8,0,0.64,12,0
1,0,576,5.7838,24,6,0,0.36,12,1
1,0,1156,6.7742,34,16,0,2.56,12,1
1,0,1156,6.4378,34,15,0,2.25,13,1
1,0,676,5.8201,26,8,0,0.64,12,1
1,0,729,6.1759,27,5,0,0.25,16,1
1,0,841,6.477,29,14,0,1.96,9,1
1,0,625,5.948,25,3,0,0.09,16,1
1,0,900,6.869,30,6,0,0.36,18,1
1,0,841,6.4216,29,7,0,0.49,16,0
1,0,784,6.5539,28,8,0,0.64,14,1
1,0,961,6.4536,31,11,0,1.21,14,1
1,0,784,5.2983,28,10,0,1.0,12,1
1,0,729,6.7056,27,9,0,0.81,12,1
1,0,676,6.3578,26,6,0,0.36,14,1
1,0,676,6.1442,26,3,0,0.09,17,1
1,0,841,6.8287,29,7,0,0.49,16,1
1,1,961,6.6758,31,9,0,0.81,16,1
1,0,784,6.4536,28,8,0,0.64,14,1
1,0,625,6.3456,25,7,0,0.49,12,1
1,0,841,6.5582,29,7,0,0.49,16,1
1,0,784,6.4536,28,8,0,0.64,14,1
1,0,900,6.5425,30,12,0,1.44,12,1
1,0,1156,6.4216,34,15,0,2.25,13,1
1,0,676,6.1356,26,4,0,0.16,16,1
1,0,1156,6.7627,34,16,0,2.56,12,1
1,1,1089,6.6026,33,9,0,0.81,18,1
1,0,625,7.2442,25,7,0,0.49,12,1
1,0,961,6.6946,31,13,0,1.69,12,1
1,0,676,6.4831,26,4,0,0.16,16,1
1,0,625,5.7038,25,7,0,0.49,12,1
1,0,900,6.3578,30,8,0,0.64,16,1
1,0,576,5.5797,24,2,0,0.04,16,1
1,0,961,6.3869,31,7,0,0.49,18,0
1,0,676,5.7838,26,3,0,0.09,17,1
1,0,576,5.9532,24,2,0,0.04,16,0
1,0,625,6.9078,25,1,0,0.01,18,1
1,0,784,6.142,28,4,0,0.16,18,1
1,0,784,6.0868,28,6,0,0.36,16,1
1,0,729,6.4378,27,5,0,0.25,16,1
1,0,729,5.6525,27,4,0,0.16,17,1
1,0,729,6.477,27,7,0,0.49,14,1
1,0,625,6.6946,25,6,0,0.36,13,1
1,0,576,6.2146,24,6,0,0.36,12,1
1,0,676,6.7226,26,4,0,0.16,16,1
1,0,961,6.2146,31,13,0,1.69,12,1
1,0,1024,6.541,32,9,0,0.81,17,1
1,0,729,7.0031,27,9,0,0.81,12,1
1,0,625,6.6373,25,7,0,0.49,12,1
1,0,729,6.6783,27,9,0,0.81,12,1
1,0,625,5.8081,25,3,0,0.09,16,1
1,0,900,6.0137,30,6,0,0.36,18,1
1,0,729,6.7627,27,5,0,0.25,16,1
1,0,961,6.789,31,13,0,1.69,12,1
1,0,1156,6.5117,34,16,0,2.56,12,1
1,0,1089,6.5511,33,15,0,2.25,12,0
1,1,1089,5.5215,33,9,0,0.81,18,1
1,0,729,6.4378,27,10,0,1.0,11,1
1,0,961,6.0331,31,12,0,1.44,13,1
1,0,784,6.3561,28,9,0,0.81,13,1
1,0,676,6.4184,26,8,1,0.64,12,1
1,0,961,6.5511,31,13,0,1.69,12,1
1,0,576,6.1092,24,6,0,0.36,12,1
1,0,784,6.2146,28,6,0,0.36,16,1
1,0,625,6.2422,25,7,0,0.49,12,0
1,0,625,5.5215,25,3,0,0.09,16,1
1,0,576,5.7526,24,6,0,0.36,12,0
1,0,841,5.9269,29,11,0,1.21,12,1
1,0,1156,6.1247,34,13,0,1.69,15,0
1,0,729,5.6168,27,9,1,0.81,12,1
1,0,784,6.8575,28,10,0,1.0,12,1
1,0,1024,7.0166,32,10,0,1.0,16,1
1,0,625,5.6664,25,3,0,0.09,16,0
1,0,625,6.2146,25,3,0,0.09,16,1
1,0,1024,6.5876,32,8,0,0.64,18,1
1,0,841,7.1428,29,5,0,0.25,18,1
1,0,676,6.4184,26,3,1,0.09,17,1
1,0,784,6.3008,28,10,0,1.0,12,1
1,0,784,5.6276,28,9,0,0.81,13,1
1,0,1156,7.2738,34,10,0,1.0,18,1
1,0,729,6.9027,27,5,0,0.25,16,1
1,0,841,6.5511,29,11,0,1.21,12,1
1,0,784,6.3578,28,6,0,0.36,16,1
1,0,961,6.7546,31,9,0,0.81,16,1
1,0,784,6.5309,28,10,0,1.0,12,1
1,0,961,6.7238,31,10,0,1.0,15,1
1,0,1089,6.4505,33,14,0,1.96,13,1
1,0,1024,6.5352,32,14,0,1.96,12,1
1,0,900,6.6451,30,10,0,1.0,14,1
1,0,729,5.9532,27,6,0,0.36,15,1
1,0,576,6.1092,24,6,0,0.36,12,1
1,0,729,6.4216,27,9,0,0.81,12,1
1,0,1156,6.525,34,16,0,2.56,12,1
1,0,1024,6.5073,32,16,0,2.56,10,1
1,0,1089,6.6846,33,16,0,2.56,11,1
1,0,1156,6.2246,34,14,0,1.96,14,1
1,0,900,6.9334,30,6,0,0.36,18,1
1,0,625,6.6451,25,4,0,0.16,15,1
1,1,1024,5.6699,32,16,0,2.56,10,1
1,0,784,6.271,28,9,0,0.81,13,1
1,0,841,7.051,29,7,0,0.49,16,1
1,0,841,6.3081,29,13,0,1.69,10,1
1,0,676,6.1633,26,8,0,0.64,12,1
1,0,676,6.1092,26,8,0,0.64,12,1
1,0,729,6.7742,27,4,0,0.16,17,1
1,0,625,5.2983,25,4,0,0.16,15,1
1,0,676,5.7038,26,7,0,0.49,13,0
1,0,625,6.1356,25,3,0,0.09,16,0
1,0,900,5.9532,30,12,0,1.44,12,1
1,0,1024,7.1562,32,11,0,1.21,15,1
1,0,625,6.3767,25,3,0,0.09,16,1
1,0,729,6.3969,27,9,0,0.81,12,1
1,0,900,6.2146,30,8,0,0.64,16,1
1,0,1089,6.0868,33,15,1,2.25,12,1
1,1,676,6.1463,26,2,0,0.04,18,1
1,0,841,6.8341,29,6,0,0.36,17,1
1,0,729,6.3208,27,5,0,0.25,16,1
1,0,576,6.0822,24,5,0,0.25,13,1
1,0,841,6.3969,29,11,1,1.21,12,1
1,0,676,6.3544,26,8,1,0.64,12,1
1,0,676,5.9636,26,8,1,0.64,12,1
1,0,1156,6.6783,34,16,0,2.56,12,0
1,0,729,6.1549,27,3,0,0.09,18,1
1,0,676,5.3083,26,3,0,0.09,17,1
1,0,576,5.2983,24,1,0,0.01,17,1
1,0,576,5.8579,24,1,0,0.01,17,1
1,0,576,5.9269,24,4,0,0.16,14,0
1,0,625,6.1759,25,3,0,0.09,16,1
1,0,961,6.869,31,7,0,0.49,18,1
1,0,729,6.0474,27,6,0,0.36,15,1
1,0,729,6.2146,27,6,0,0.36,15,1
1,0,900,6.1092,30,15,0,2.25,9,1
1,0,784,6.1654,28,14,0,1.96,8,1
1,0,576,4.9127,24,6,0,0.36,12,1
1,0,1024,6.3544,32,14,0,1.96,12,1
1,0,1089,6.3578,33,15,0,2.25,12,1
1,0,961,5.7366,31,13,0,1.69,12,1
1,0,900,6.5511,30,15,0,2.25,9,1
1,0,1024,7.1869,32,12,0,1.44,14,1
1,0,1156,6.3117,34,18,0,3.24,10,1
1,0,900,6.7811,30,7,0,0.49,17,1
1,0,625,6.6333,25,7,0,0.49,12,1
1,0,1024,6.5624,32,14,0,1.96,12,1
1,0,676,6.0521,26,8,0,0.64,12,1
1,0,676,6.0568,26,8,0,0.64,12,1
1,0,576,6.3561,24,2,0,0.04,16,1
1,0,1024,5.9915,32,17,0,2.89,9,1
1,0,961,6.2146,31,13,0,1.69,12,0
1,0,784,6.2748,28,10,0,1.0,12,0
1,0,784,6.5117,28,6,0,0.36,16,1
1,1,729,6.3578,27,5,0,0.25,16,1
1,0,576,5.7838,24,2,0,0.04,16,1
1,0,841,6.2146,29,12,0,1.44,11,0
1,0,625,6.6464,25,7,0,0.49,12,0
1,0,676,6.2146,26,8,0,0.64,12,1
1,0,784,5.9687,28,6,0,0.36,16,1
1,0,1156,6.697,34,16,0,2.56,12,1
1,0,1156,6.2971,34,19,1,3.61,9,0
1,0,1156,6.3852,34,19,1,3.61,9,0
1,0,625,6.7616,25,2,0,0.04,17,1
1,0,784,6.5511,28,12,1,1.44,10,0
1,0,625,6.2344,25,7,0,0.49,12,0
1,0,1156,6.4216,34,15,0,2.25,13,1
1,0,841,6.6346,29,9,0,0.81,14,1
1,0,961,6.2005,31,15,0,2.25,10,1
1,0,576,6.0981,24,2,0,0.04,16,1
1,0,625,6.0521,25,7,0,0.49,12,1
1,0,576,6.6201,24,2,0,0.04,16,1
1,0,576,6.5511,24,2,0,0.04,16,1
1,0,576,6.0822,24,6,0,0.36,12,1
1,0,841,6.4102,29,11,0,1.21,12,1
1,0,576,6.1092,24,5,0,0.25,13,1
1,0,676,5.7462,26,17,0,2.89,3,1
1,0,1089,5.5215,33,20,1,4.0,7,1
1,0,1089,6.2146,33,13,0,1.69,14,1
0,0,676,5.8999,26,8,0,0.64,12,1
0,0,676,6.7007,26,8,0,0.64,12,1
0,0,625,5.7869,25,7,0,0.49,12,0
0,0,841,6.2615,29,11,0,1.21,12,0
0,0,784,6.7032,28,9,0,0.81,13,1
0,0,784,6.6201,28,10,0,1.0,12,1
0,0,576,6.2634,24,1,0,0.01,17,1
0,0,1024,7.0255,32,14,0,1.96,12,1
0,0,784,6.4378,28,10,0,1.0,12,1
0,0,625,6.5723,25,5,0,0.25,14,1
0,0,961,6.3818,31,13,0,1.69,12,0
0,0,729,6.0014,27,4,0,0.16,17,1
1,0,784,6.5147,28,10,0,1.0,12,1
1,0,625,6.0958,25,7,0,0.49,12,1
1,0,576,6.1903,24,6,0,0.36,12,1
1,0,1156,6.5439,34,19,0,3.61,9,1
1,1,625,6.5511,25,7,0,0.49,12,1
1,1,576,5.7838,24,6,0,0.36,12,1
1,0,625,6.3208,25,10,0,1.0,9,1
1,0,676,5.7838,26,8,0,0.64,12,1
1,0,676,6.5043,26,7,0,0.49,13,1
1,0,961,7.7849,31,7,0,0.49,18,1
1,0,625,6.6307,25,3,0,0.09,16,1
1,0,1156,6.8937,34,12,0,1.44,16,1
1,0,625,6.3578,25,7,0,0.49,12,1
1,0,841,5.656,29,6,0,0.36,17,0
1,1,784,5.4424,28,8,0,0.64,14,1
1,0,625,6.2403,25,7,0,0.49,12,1
1,0,784,6.4216,28,7,0,0.49,15,1
1,0,625,6.5511,25,4,0,0.16,15,1
1,0,1089,6.5709,33,9,0,0.81,18,1
1,0,900,6.5525,30,15,0,2.25,9,1
1,0,576,6.1356,24,6,1,0.36,12,1
1,0,784,6.7662,28,4,0,0.16,18,1
1,0,841,6.8211,29,7,0,0.49,16,0
1,0,729,6.9707,27,9,0,0.81,12,1
1,1,841,5.9915,29,11,0,1.21,12,1
1,0,729,6.4615,27,9,0,0.81,12,1
1,0,576,5.6525,24,5,0,0.25,13,1
1,1,729,6.463,27,4,0,0.16,17,1
1,0,1024,5.9636,32,13,0,1.69,13,1
1,0,625,6.9177,25,7,0,0.49,12,1
1,0,576,6.7056,24,6,0,0.36,12,0
1,0,729,6.8824,27,4,0,0.16,17,1
1,0,841,6.6201,29,11,1,1.21,12,1
1,0,576,6.1377,24,3,0,0.09,15,0
1,0,784,7.2349,28,10,0,1.0,12,1
1,0,625,6.3578,25,7,0,0.49,12,1
1,0,729,5.994,27,9,0,0.81,12,1
1,0,676,5.7683,26,10,0,1.0,10,1
1,0,729,6.2422,27,9,0,0.81,12,1
1,0,625,5.3375,25,8,0,0.64,11,1
1,0,729,7.0834,27,4,0,0.16,17,1
1,0,676,6.4378,26,6,0,0.36,14,1
1,0,1156,6.1759,34,11,0,1.21,17,1
1,0,729,6.5709,27,8,0,0.64,13,1
1,0,729,6.4378,27,10,0,1.0,11,1
1,0,900,6.3154,30,12,0,1.44,12,1
1,0,1156,6.3613,34,16,0,2.56,12,1
1,0,784,6.7346,28,4,0,0.16,18,1
1,0,1089,7.5616,33,9,0,0.81,18,1
1,0,676,6.6921,26,4,0,0.16,16,1
1,0,841,5.8406,29,11,1,1.21,12,1
1,0,1024,6.869,32,14,0,1.96,12,1
1,0,1024,6.3969,32,14,0,1.96,12,0
1,0,1156,6.7298,34,10,0,1.0,18,1
1,0,576,6.4378,24,2,0,0.04,16,1
1,0,784,6.3333,28,6,0,0.36,16,1
1,0,784,7.2513,28,6,0,0.36,16,1
1,0,625,6.1738,25,7,0,0.49,12,1
1,0,576,6.3969,24,6,0,0.36,12,1
1,0,784,5.7038,28,13,0,1.69,9,1
1,0,625,6.2246,25,10,0,1.0,9,1
1,0,625,6.0331,25,5,1,0.25,14,1
1,0,576,5.7038,24,6,1,0.36,12,1
1,0,729,6.7627,27,3,0,0.09,18,1
1,0,625,5.7038,25,3,0,0.09,16,1
1,0,1024,6.5806,32,14,0,1.96,12,1
1,0,1156,6.7523,34,16,0,2.56,12,1
1,0,900,6.6039,30,14,0,1.96,10,1
1,0,961,6.9641,31,8,1,0.64,17,1
1,0,1024,6.271,32,14,1,1.96,12,1
1,0,1156,6.3491,34,17,0,2.89,11,1
1,0,1024,6.6908,32,14,0,1.96,12,0
1,0,900,5.9915,30,14,0,1.96,10,1
1,0,841,6.869,29,5,0,0.25,18,1
1,0,729,6.7056,27,3,0,0.09,18,1
1,0,784,6.6067,28,9,0,0.81,13,1
1,0,900,6.5806,30,6,0,0.36,18,1
1,0,576,6.8167,24,0,0,0.0,18,1
1,0,729,5.9375,27,4,0,0.16,17,1
1,0,676,5.8579,26,6,0,0.36,14,1
1,0,1089,6.5425,33,16,0,2.56,11,1
1,1,1024,6.9217,32,14,0,1.96,12,1
1,0,1156,7.0353,34,10,0,1.0,18,1
1,0,900,7.4437,30,6,0,0.36,18,1
1,0,676,6.271,26,8,0,0.64,12,1
1,0,1024,6.5117,32,9,1,0.81,17,1
1,0,784,6.9177,28,5,0,0.25,17,1
1,0,784,6.7405,28,4,0,0.16,18,1
1,0,729,6.5653,27,10,0,1.0,11,1
1,0,676,6.7093,26,4,0,0.16,16,0
1,0,576,6.1026,24,6,0,0.36,12,1
1,0,625,6.2146,25,4,0,0.16,15,1
1,0,961,6.9556,31,9,0,0.81,16,1
1,0,841,7.0917,29,5,0,0.25,18,1
1,0,1089,6.5367,33,15,0,2.25,12,1
1,0,784,6.4739,28,6,0,0.36,16,1
1,0,900,6.7742,30,11,0,1.21,13,1
1,0,625,6.3063,25,2,0,0.04,17,1
1,0,784,6.3969,28,15,0,2.25,7,1
1,0,1156,7.716,34,13,0,1.69,15,1
1,0,961,7.2738,31,13,0,1.69,12,1
1,0,1156,5.7683,34,16,1,2.56,12,1
1,0,1089,7.1405,33,9,0,0.81,18,1
1,0,576,6.3969,24,6,0,0.36,12,1
1,0,676,5.7038,26,9,1,0.81,11,1
1,0,576,6.2879,24,2,0,0.04,16,1
1,0,1089,6.612,33,15,0,2.25,12,0
1,0,1089,6.7405,33,15,0,2.25,12,1
1,0,841,6.7007,29,7,0,0.49,16,1
1,0,784,6.9078,28,10,0,1.0,12,1
1,0,676,6.3297,26,4,0,0.16,16,1
1,0,676,5.6525,26,2,0,0.04,18,1
1,0,729,6.0799,27,5,0,0.25,16,1
1,0,625,5.7838,25,6,0,0.36,13,1
1,0,784,6.363,28,6,0,0.36,16,1
1,0,676,6.3767,26,4,1,0.16,16,1
1,0,841,6.6859,29,5,0,0.25,18,1
1,0,625,5.743,25,5,0,0.25,14,1
1,0,841,5.5215,29,11,1,1.21,12,1
1,0,729,6.2146,27,6,1,0.36,15,1
1,0,1089,6.6201,33,15,1,2.25,12,1
1,1,961,5.8377,31,12,0,1.44,13,1
1,0,784,5.5215,28,7,0,0.49,15,1
1,0,576,6.5511,24,2,0,0.04,16,1
1,0,625,5.9915,25,7,0,0.49,12,1
1,0,729,6.319,27,4,0,0.16,17,1
1,0,784,6.5497,28,7,0,0.49,15,1
1,0,576,7.5616,24,4,0,0.16,14,1
1,0,1024,7.1033,32,8,0,0.64,18,1
1,0,841,6.4216,29,7,0,0.49,16,1
1,0,625,6.6134,25,5,0,0.25,14,1
1,0,576,6.1269,24,2,0,0.04,16,1
1,0,625,6.4723,25,1,0,0.01,18,1
1,0,625,6.6134,25,7,0,0.49,12,1
1,1,625,6.7032,25,3,0,0.09,16,1
1,0,961,6.7627,31,9,0,0.81,16,1
1,0,784,6.2953,28,10,0,1.0,12,1
1,0,729,5.8999,27,8,0,0.64,13,1
1,0,576,6.0331,24,8,0,0.64,10,1
1,0,729,6.4877,27,5,0,0.25,16,1
1,0,676,6.271,26,5,0,0.25,15,1
1,0,841,6.7464,29,6,0,0.36,17,1
1,0,625,6.4968,25,7,0,0.49,12,1
1,0,576,6.271,24,2,0,0.04,16,1
1,0,784,6.7901,28,4,0,0.16,18,1
1,1,784,6.7627,28,5,0,0.25,17,1
1,1,676,5.4424,26,2,0,0.04,18,1
1,1,1024,6.6871,32,14,0,1.96,12,0
1,0,729,6.2785,27,8,0,0.64,13,1
1,0,625,6.6529,25,4,1,0.16,15,1
1,0,576,6.1654,24,4,1,0.16,14,1
1,0,1089,6.7627,33,11,0,1.21,16,1
1,0,784,6.9217,28,6,0,0.36,16,0
1,0,1024,6.463,32,8,0,0.64,18,1
1,0,576,5.8081,24,2,0,0.04,16,1
1,0,1156,6.3208,34,17,1,2.89,11,1
1,0,676,6.2691,26,2,0,0.04,18,1
1,0,676,6.4536,26,8,0,0.64,12,1
1,1,729,6.2146,27,10,1,1.0,11,1
1,0,1156,7.051,34,12,1,1.44,16,1
1,0,676,6.7511,26,2,0,0.04,18,1
1,0,784,6.1717,28,10,0,1.0,12,0
1,1,625,6.7056,25,1,0,0.01,18,1
1,0,841,6.5396,29,5,0,0.25,18,1
1,0,1089,6.8967,33,11,0,1.21,16,0
1,1,961,6.1026,31,9,0,0.81,16,1
1,0,1156,6.9098,34,10,0,1.0,18,1
1,0,1156,7.1237,34,10,0,1.0,18,1
1,0,1024,6.8255,32,12,0,1.44,14,0
1,0,784,6.3474,28,10,0,1.0,12,1
1,0,961,6.2634,31,13,0,1.69,12,1
1,0,784,7.051,28,10,0,1.0,12,1
1,0,576,6.1738,24,6,1,0.36,12,1
1,0,576,6.7322,24,7,0,0.49,11,1
1,0,1089,7.2457,33,13,0,1.69,14,1
1,0,729,5.9915,27,8,1,0.64,13,1
1,0,1089,6.5653,33,15,0,2.25,12,1
1,0,576,6.4536,24,4,0,0.16,14,1
1,0,676,5.961,26,7,0,0.49,13,1
1,0,676,6.5338,26,8,0,0.64,12,1
1,0,1156,6.4457,34,16,0,2.56,12,1
1,0,1156,6.9508,34,13,0,1.69,15,1
1,0,576,6.3578,24,6,0,0.36,12,1
1,0,625,6.2146,25,7,0,0.49,12,1
1,0,1156,6.6606,34,16,0,2.56,12,0
1,0,676,6.3578,26,7,0,0.49,13,1
1,0,625,6.2634,25,6,0,0.36,13,1
1,0,784,5.9532,28,5,0,0.25,17,1
1,0,841,6.4378,29,11,0,1.21,12,1
1,0,784,6.4378,28,6,0,0.36,16,1
1,0,676,6.1633,26,7,0,0.49,13,1
1,0,625,6.4907,25,5,0,0.25,14,1
1,0,576,6.0521,24,2,0,0.04,16,1
1,0,625,6.2615,25,5,0,0.25,14,1
0,0,676,6.4378,26,8,0,0.64,12,1
0,0,961,6.9177,31,9,0,0.81,16,1
0,0,676,6.3986,26,8,0,0.64,12,1
0,0,729,6.6946,27,9,0,0.81,12,1
0,0,784,6.0544,28,10,0,1.0,12,1
0,0,900,6.966,30,12,0,1.44,12,1
0,0,676,6.0259,26,8,0,0.64,12,1
0,0,900,6.1985,30,12,0,1.44,12,1
0,0,729,5.7838,27,9,0,0.81,12,1
0,0,784,5.6168,28,10,0,1.0,12,1
0,0,625,5.6733,25,7,0,0.49,12,1
0,1,961,6.5944,31,7,0,0.49,18,1
0,1,676,6.1903,26,6,0,0.36,14,1
0,0,576,5.8201,24,4,0,0.16,14,1
0,0,729,6.5862,27,9,0,0.81,12,1
0,0,625,6.0868,25,6,0,0.36,13,0
0,0,729,6.463,27,5,0,0.25,16,0
0,0,784,5.9269,28,10,0,1.0,12,1
0,0,625,6.1759,25,7,0,0.49,12,1
0,0,841,6.8298,29,9,0,0.81,14,1
0,0,676,6.2422,26,8,0,0.64,12,1
0,0,1089,6.9707,33,15,0,2.25,12,1
0,0,784,6.4583,28,10,0,1.0,12,1
0,0,1024,6.6053,32,14,0,1.96,12,1
0,0,676,6.2005,26,8,0,0.64,12,1
0,1,576,6.477,24,8,0,0.64,10,1
0,0,961,5.7301,31,18,0,3.24,7,1
0,0,900,6.4441,30,8,0,0.64,16,1
0,0,784,6.0137,28,9,0,0.81,13,0
0,0,1089,6.3969,33,9,0,0.81,18,1
0,0,784,6.6134,28,10,0,1.0,12,0
0,0,961,6.4378,31,8,0,0.64,17,1
0,0,841,6.3081,29,11,0,1.21,12,0
0,0,576,5.7869,24,3,0,0.09,15,0
0,0,676,5.553,26,11,0,1.21,9,0
1,0,676,6.7742,26,8,0,0.64,12,1
1,0,625,6.4599,25,7,0,0.49,12,0
1,0,1089,6.5028,33,16,0,2.56,11,0
1,1,841,6.2226,29,9,0,0.81,14,1
1,1,625,5.7462,25,2,0,0.04,17,1
1,1,729,6.9177,27,3,0,0.09,18,1
1,0,1089,6.9078,33,17,0,2.89,10,0
1,0,784,6.5806,28,6,0,0.36,16,0
1,0,729,6.6657,27,9,0,0.81,12,0
1,0,1156,6.3026,34,16,0,2.56,12,0
1,0,625,6.719,25,7,0,0.49,12,0
1,0,625,5.0689,25,7,0,0.49,12,0
1,0,729,6.5511,27,11,0,1.21,10,0
1,0,784,6.5806,28,9,0,0.81,13,0
1,0,576,5.717,24,6,0,0.36,12,0
1,0,625,6.3154,25,3,0,0.09,16,1
1,1,676,6.2953,26,6,0,0.36,14,1
1,0,576,6.2324,24,2,0,0.04,16,0
1,0,576,5.9532,24,2,0,0.04,16,0
0,0,1024,7.2738,32,14,0,1.96,12,1
0,0,1024,6.7788,32,10,0,1.0,16,1
0,0,576,6.9078,24,5,0,0.25,13,1
0,0,784,6.7604,28,10,0,1.0,12,0
0,0,729,6.6067,27,9,0,0.81,12,0
0,0,1156,6.7901,34,16,0,2.56,12,0
0,0,841,6.1269,29,8,0,0.64,15,1
1,0,1156,6.1092,34,16,0,2.56,12,1
1,0,1156,6.5511,34,16,0,2.56,12,1
1,0,1089,6.612,33,13,0,1.69,14,1
1,0,1024,6.7901,32,10,0,1.0,16,1
1,0,1024,6.5396,32,8,0,0.64,18,1
1,0,1089,6.4036,33,9,0,0.81,18,0
1,0,900,6.4378,30,6,0,0.36,18,1
1,0,1089,6.6147,33,13,0,1.69,14,1
1,0,1089,6.5876,33,9,0,0.81,18,1
1,0,900,6.3279,30,12,0,1.44,12,1
1,0,676,6.0497,26,8,0,0.64,12,0
1,0,676,5.9915,26,8,0,0.64,12,0
1,0,676,5.5215,26,6,0,0.36,14,1
1,0,676,6.4708,26,7,0,0.49,13,1
1,0,576,6.3936,24,6,0,0.36,12,1
1,0,729,6.9078,27,9,0,0.81,12,1
1,0,784,6.2691,28,10,0,1.0,12,0
1,0,676,6.1759,26,8,0,0.64,12,0
1,0,1089,6.7452,33,15,0,2.25,12,0
1,0,900,6.2265,30,10,0,1.0,14,0
1,0,841,6.2383,29,11,0,1.21,12,1
1,0,676,5.3936,26,9,0,0.81,11,1
1,0,576,5.037,24,2,0,0.04,16,1
1,0,961,5.4806,31,13,0,1.69,12,1
1,0,784,6.3226,28,10,0,1.0,12,1
1,0,729,6.2146,27,6,0,0.36,15,1
1,0,676,5.9189,26,4,0,0.16,16,1
1,0,625,5.8579,25,9,0,0.81,10,0
1,0,676,6.3699,26,8,0,0.64,12,0
1,0,676,6.2442,26,7,0,0.49,13,0
0,0,841,5.9661,29,11,0,1.21,12,0
0,0,625,5.6348,25,3,0,0.09,16,0
0,0,1089,6.5367,33,15,0,2.25,12,0
0,0,676,5.7038,26,8,0,0.64,12,0
0,0,729,6.4536,27,4,0,0.16,17,0
0,0,676,5.8348,26,7,0,0.49,13,0
0,0,676,6.2246,26,4,0,0.16,16,0
0,0,576,5.8749,24,5,0,0.25,13,0
0,0,1089,5.5683,33,15,0,2.25,12,0
0,0,1024,5.9915,32,16,0,2.56,10,0
0,0,841,6.6067,29,10,0,1.0,13,0
0,0,1156,5.8348,34,16,0,2.56,12,0
0,0,841,5.6204,29,8,0,0.64,15,0
0,0,576,6.0568,24,9,0,0.81,9,0
0,0,625,5.4765,25,7,0,0.49,12,0
0,0,576,5.9532,24,5,0,0.25,13,0
0,0,841,5.8579,29,11,0,1.21,12,0
0,0,841,6.3953,29,11,0,1.21,12,0
0,0,961,6.6201,31,10,0,1.0,15,1
0,0,1089,6.5396,33,11,0,1.21,16,0
0,0,1156,4.9904,34,16,0,2.56,12,0
1,0,676,5.6348,26,8,0,0.64,12,1
1,0,1024,6.6451,32,8,0,0.64,18,1
1,0,1024,6.9177,32,13,0,1.69,13,1
1,0,676,6.248,26,6,0,0.36,14,0
1,0,676,5.9915,26,4,0,0.16,16,0
1,0,625,5.9269,25,7,0,0.49,12,0
1,0,961,6.3902,31,13,0,1.69,12,0
1,0,961,5.8579,31,18,0,3.24,7,0
1,0,1089,6.0331,33,16,0,2.56,11,0
1,0,841,5.823,29,7,0,0.49,16,0
1,0,676,6.1759,26,2,0,0.04,18,0
1,0,784,6.2146,28,10,0,1.0,12,0
1,0,729,5.7203,27,9,0,0.81,12,0
1,0,1156,6.1092,34,18,0,3.24,10,0
1,0,841,6.6451,29,7,0,0.49,16,1
1,0,676,6.5806,26,4,0,0.16,16,1
1,0,841,6.9078,29,10,0,1.0,13,1
1,0,900,6.4378,30,10,0,1.0,14,1
1,0,676,6.7056,26,4,0,0.16,16,1
1,0,1156,5.9322,34,16,0,2.56,12,1
1,0,1089,6.5624,33,15,0,2.25,12,1
1,0,576,6.0186,24,4,0,0.16,14,1
1,0,1024,7.1997,32,13,0,1.69,13,1
1,0,1156,6.5737,34,16,0,2.56,12,0
1,0,1024,5.2575,32,16,1,2.56,10,1
1,0,1024,6.6809,32,10,1,1.0,16,1
1,0,1156,6.8287,34,12,1,1.44,16,1
1,0,676,5.4806,26,5,1,0.25,15,1
1,0,625,6.4378,25,6,0,0.36,13,1
1,0,576,6.9324,24,10,0,1.0,8,1
1,1,784,6.2206,28,10,1,1.0,12,0
1,0,784,6.1356,28,6,0,0.36,16,1
1,0,625,6.1654,25,3,0,0.09,16,0
1,1,676,6.2146,26,5,0,0.25,15,1
1,0,1156,6.9078,34,16,0,2.56,12,0
1,0,1156,6.4968,34,15,0,2.25,13,0
1,0,1156,6.561,34,13,0,1.69,15,1
1,1,961,6.833,31,9,0,0.81,16,1
1,0,576,5.7038,24,6,0,0.36,12,0
1,0,729,5.8999,27,6,0,0.36,15,1
1,0,900,6.4693,30,12,0,1.44,12,1
1,0,625,6.1356,25,1,0,0.01,18,0
1,0,1089,6.9334,33,9,0,0.81,18,1
1,0,576,6.2634,24,6,0,0.36,12,1
1,0,841,5.9269,29,5,0,0.25,18,1
1,0,1156,7.3382,34,10,0,1.0,18,1
1,0,1089,6.8276,33,9,0,0.81,18,1
1,0,676,6.3421,26,7,0,0.49,13,1
1,0,625,6.3969,25,5,0,0.25,14,1
1,0,729,6.5806,27,6,0,0.36,15,1
1,0,576,7.0175,24,1,0,0.01,17,1
1,0,729,6.5681,27,7,0,0.49,14,1
1,0,841,6.6946,29,7,0,0.49,16,1
1,0,729,6.8298,27,10,0,1.0,11,1
1,0,625,6.3099,25,10,0,1.0,9,1
1,0,676,5.6021,26,8,0,0.64,12,1
1,0,1024,6.725,32,19,0,3.61,7,1
1,0,900,7.0901,30,12,0,1.44,12,1
1,0,1089,6.3648,33,13,0,1.69,14,1
1,0,1156,6.5309,34,11,1,1.21,17,1
1,0,1024,6.9078,32,8,1,0.64,18,1
1,0,576,6.286,24,5,1,0.25,13,1
1,0,784,6.5367,28,10,1,1.0,12,1
1,0,784,6.2146,28,10,0,1.0,12,1
1,0,1089,6.6201,33,14,0,1.96,13,1
1,1,841,6.8167,29,6,0,0.36,17,1
1,0,576,6.3969,24,3,0,0.09,15,1
1,0,576,6.3578,24,2,0,0.04,16,1
1,0,676,6.3986,26,8,0,0.64,12,1
1,0,961,6.3578,31,13,0,1.69,12,1
1,0,1024,6.5177,32,14,0,1.96,12,1
1,0,729,6.1591,27,3,1,0.09,18,1
1,0,576,5.8579,24,4,0,0.16,14,1
1,0,1024,6.4297,32,11,0,1.21,15,1
1,0,576,5.9349,24,2,0,0.04,16,1
1,0,625,5.4931,25,3,0,0.09,16,1
1,0,676,6.6201,26,8,0,0.64,12,1
1,0,900,6.089,30,6,0,0.36,18,0
1,0,841,6.5338,29,9,0,0.81,14,1
1,0,625,6.2166,25,1,0,0.01,18,0
1,0,841,5.9915,29,11,0,1.21,12,1
1,0,676,6.8886,26,8,0,0.64,12,1
1,1,900,6.4754,30,10,0,1.0,14,1
1,0,1024,6.4378,32,14,0,1.96,12,1
1,0,784,6.561,28,6,1,0.36,16,1
1,0,841,6.9499,29,11,0,1.21,12,1
1,0,729,6.6346,27,9,0,0.81,12,1
1,0,625,6.2615,25,6,0,0.36,13,0
1,0,729,6.3544,27,8,1,0.64,13,1
1,0,676,6.7627,26,6,1,0.36,14,1
1,0,784,6.5695,28,10,1,1.0,12,1
1,0,729,6.5117,27,5,0,0.25,16,1
1,0,625,6.4953,25,7,0,0.49,12,1
1,0,841,6.2971,29,9,0,0.81,14,1
1,0,625,6.2634,25,6,0,0.36,13,1
1,0,784,6.4615,28,10,0,1.0,12,1
1,0,676,5.6937,26,8,0,0.64,12,1
1,0,1089,6.8533,33,19,1,3.61,8,1
1,0,1156,6.2146,34,16,1,2.56,12,1
1,0,625,6.4297,25,6,1,0.36,13,1
1,0,625,5.624,25,7,1,0.49,12,1
1,1,676,5.4806,26,10,0,1.0,10,0
1,1,625,5.4806,25,9,0,0.81,10,0
1,0,1089,6.1356,33,15,0,2.25,12,1
1,0,729,6.0014,27,9,1,0.81,12,1
1,0,625,6.1092,25,7,1,0.49,12,1
1,0,576,5.5215,24,6,1,0.36,12,1
1,0,676,6.5889,26,9,1,0.81,11,1
1,0,576,6.5028,24,6,1,0.36,12,1
1,0,784,6.869,28,10,1,1.0,12,1
1,0,729,6.6201,27,7,0,0.49,14,1
1,0,625,6.5028,25,5,0,0.25,14,1
1,0,1156,6.5396,34,11,0,1.21,17,0
1,0,625,6.142,25,7,1,0.49,12,1
1,0,900,6.463,30,12,1,1.44,12,1
1,0,841,6.5653,29,12,1,1.44,11,1
1,0,625,6.0521,25,6,1,0.36,13,1
1,0,729,6.725,27,9,0,0.81,12,1
1,0,676,5.7301,26,8,0,0.64,12,1
1,0,841,6.4378,29,7,0,0.49,16,1
1,0,1024,7.2738,32,10,0,1.0,16,1
1,0,625,6.5117,25,3,0,0.09,16,1
1,0,784,7.2049,28,5,0,0.25,17,1
1,0,1089,5.9915,33,10,0,1.0,17,1
1,0,1156,6.25,34,19,0,3.61,9,0
1,0,676,6.1225,26,6,0,0.36,14,1
1,1,1089,6.0137,33,10,0,1.0,17,1
1,0,1156,6.3261,34,10,0,1.0,18,1
1,0,576,5.4381,24,6,1,0.36,12,1
1,0,729,6.9334,27,4,0,0.16,17,1
1,0,729,6.9866,27,9,0,0.81,12,1
1,0,576,7.0917,24,4,0,0.16,14,1
1,0,625,5.7961,25,2,0,0.04,17,0
1,0,729,6.1759,27,3,0,0.09,18,1
1,1,576,6.5117,24,0,0,0.0,18,1
1,0,961,7.4283,31,8,0,0.64,17,1
1,0,1156,7.1562,34,12,0,1.44,16,1
1,0,576,6.3578,24,6,0,0.36,12,1
1,0,729,6.0958,27,3,0,0.09,18,1
1,0,784,6.1759,28,6,1,0.36,16,1
1,0,576,6.1463,24,6,1,0.36,12,1
1,0,961,6.5043,31,19,0,3.61,6,1
1,0,729,5.656,27,6,0,0.36,15,1
1,0,1089,6.3578,33,9,0,0.81,18,1
1,0,841,6.5806,29,9,0,0.81,14,1
1,0,625,6.1356,25,7,0,0.49,12,1
1,0,625,6.6201,25,4,0,0.16,15,1
1,0,576,5.2983,24,6,0,0.36,12,1
1,0,729,6.477,27,9,0,0.81,12,1
1,0,784,6.1759,28,4,0,0.16,18,1
1,0,576,6.3969,24,7,0,0.49,11,1
1,1,784,6.6451,28,6,0,0.36,16,1
1,0,729,6.6529,27,4,0,0.16,17,1
1,0,576,6.463,24,2,0,0.04,16,1
1,0,1089,6.9613,33,13,0,1.69,14,1
1,0,961,6.5162,31,9,0,0.81,16,1
1,0,784,6.5381,28,10,0,1.0,12,1
1,0,900,6.869,30,7,0,0.49,17,1
1,0,784,5.9915,28,9,0,0.81,13,1
1,0,729,6.5117,27,5,0,0.25,16,1
1,0,1156,7.2738,34,10,1,1.0,18,1
1,0,1024,6.271,32,8,0,0.64,18,1
1,0,729,6.5511,27,7,1,0.49,14,1
1,0,1156,6.5147,34,20,1,4.0,8,1
1,0,625,6.2025,25,1,0,0.01,18,1
1,0,576,6.2146,24,6,0,0.36,12,1
1,0,576,6.1092,24,2,1,0.04,16,1
1,0,625,6.3986,25,6,1,0.36,13,1
1,0,784,6.5751,28,9,1,0.81,13,1
1,0,841,6.3544,29,11,1,1.21,12,1
1,0,625,5.8579,25,7,1,0.49,12,1
1,0,576,5.8579,24,6,1,0.36,12,1
1,0,841,6.4661,29,7,0,0.49,16,1
1,0,576,6.5147,24,3,0,0.09,15,1
1,0,784,6.5206,28,7,0,0.49,15,1
1,0,729,6.2804,27,9,0,0.81,12,1
1,0,961,6.2615,31,9,0,0.81,16,1
1,1,784,6.5028,28,6,0,0.36,16,1
1,0,676,5.9135,26,6,0,0.36,14,1
1,0,676,6.4892,26,5,0,0.25,15,1
1,0,1156,6.5511,34,16,1,2.56,12,1
1,0,729,5.7398,27,3,0,0.09,18,1
1,0,1089,6.7346,33,18,0,3.24,9,1
1,0,961,6.4922,31,11,0,1.21,14,1
1,0,961,6.5396,31,9,0,0.81,16,1
1,0,784,6.3578,28,7,0,0.49,15,1
1,0,676,6.5582,26,3,0,0.09,17,1
1,1,729,5.6768,27,5,0,0.25,16,1
1,0,676,6.6201,26,7,0,0.49,13,1
1,0,1156,7.2738,34,12,0,1.44,16,1
1,0,1089,7.0917,33,11,0,1.21,16,1
1,1,1089,7.3796,33,12,0,1.44,15,1
1,1,1024,6.6451,32,12,0,1.44,14,1
1,0,961,6.2403,31,9,0,0.81,16,1
1,0,961,6.6908,31,13,0,1.69,12,1
1,0,1156,6.869,34,11,0,1.21,17,1
1,0,625,6.5147,25,7,0,0.49,12,1
1,0,576,5.9865,24,5,0,0.25,13,1
1,0,1089,6.7511,33,13,0,1.69,14,1
1,0,625,6.541,25,8,1,0.64,11,1
1,0,576,6.463,24,7,1,0.49,11,1
1,0,729,5.8435,27,8,1,0.64,13,1
1,0,729,6.3297,27,9,1,0.81,12,1
1,0,576,6.528,24,6,1,0.36,12,1
1,1,841,6.1506,29,7,0,0.49,16,1
1,0,676,5.7038,26,4,0,0.16,16,1
1,0,625,6.5117,25,1,0,0.01,18,1
1,0,576,5.9532,24,2,0,0.04,16,1
1,0,1089,6.6946,33,11,0,1.21,16,1
1,0,576,6.3063,24,1,0,0.01,17,1
1,0,676,6.2146,26,4,0,0.16,16,1
1,0,841,6.5889,29,10,0,1.0,13,1
1,0,784,6.2615,28,6,0,0.36,16,1
1,0,576,6.1092,24,3,1,0.09,15,1
1,0,784,6.6267,28,10,1,1.0,12,1
1,0,576,6.4615,24,6,1,0.36,12,1
1,0,576,5.7462,24,6,1,0.36,12,1
1,0,841,7.2619,29,11,0,1.21,12,1
1,0,784,6.6346,28,10,0,1.0,12,1
1,0,676,6.3969,26,8,0,0.64,12,1
1,0,1024,7.013,32,10,0,1.0,16,1
1,0,1089,6.6373,33,11,0,1.21,16,1
1,0,1024,6.477,32,14,0,1.96,12,1
1,0,729,7.0519,27,7,0,0.49,14,1
1,0,576,6.3969,24,6,0,0.36,12,1
1,0,841,6.319,29,11,0,1.21,12,1
1,0,784,6.2971,28,11,0,1.21,11,1
1,0,625,6.3099,25,8,0,0.64,11,1
1,0,961,6.6846,31,14,0,1.96,11,1
1,0,676,6.9078,26,9,0,0.81,11,1
1,0,961,6.7616,31,13,0,1.69,12,1
1,0,1024,6.4184,32,13,0,1.69,13,1
1,0,576,6.2519,24,2,0,0.04,16,1
1,0,900,6.561,30,11,1,1.21,13,1
1,0,676,6.7069,26,7,1,0.49,13,1
1,0,625,5.7038,25,9,1,0.81,10,1
1,0,900,6.5539,30,8,0,0.64,16,1
1,0,1156,7.1869,34,12,0,1.44,16,1
1,0,729,5.9402,27,9,1,0.81,12,1
1,0,676,5.9915,26,9,1,0.81,11,1
1,0,625,6.2106,25,8,1,0.64,11,1
1,0,1089,6.4968,33,17,1,2.89,10,1
1,0,1089,6.3969,33,17,1,2.89,10,1
1,1,1024,6.9412,32,8,0,0.64,18,0
1,0,625,6.9838,25,5,0,0.25,14,1
1,1,576,5.9915,24,0,0,0.0,18,1
1,0,1089,6.463,33,11,0,1.21,16,1
1,0,1024,6.4297,32,14,0,1.96,12,1
1,0,900,6.1759,30,7,0,0.49,17,1
1,0,1089,6.9641,33,11,0,1.21,16,1
1,0,676,6.3008,26,8,0,0.64,12,1
1,0,676,6.667,26,6,0,0.36,14,1
1,0,625,6.1841,25,1,0,0.01,18,1
1,0,1156,6.582,34,14,0,1.96,14,1
1,0,784,6.5439,28,7,0,0.49,15,1
1,0,1156,6.3081,34,13,0,1.69,15,1
1,0,1024,6.6758,32,11,0,1.21,15,1
1,1,1089,7.5616,33,11,0,1.21,16,1
1,0,1089,6.6758,33,12,0,1.44,15,1
1,0,784,6.8024,28,7,0,0.49,15,1
1,0,1024,6.4831,32,12,0,1.44,14,1
1,0,729,6.2403,27,9,0,0.81,12,1
1,0,841,5.9506,29,9,0,0.81,14,1
1,1,729,6.2146,27,5,0,0.25,16,0
1,0,625,6.3986,25,4,0,0.16,15,1
1,0,729,6.0822,27,9,0,0.81,12,1
1,0,625,6.2146,25,7,0,0.49,12,1
1,0,1089,7.142,33,9,0,0.81,18,1
1,1,676,6.6161,26,6,0,0.36,14,1
1,0,729,6.2403,27,7,0,0.49,14,1
1,1,1089,6.5511,33,15,0,2.25,12,1
1,0,841,6.5103,29,7,0,0.49,16,1
1,0,900,6.8906,30,7,0,0.49,17,1
1,0,841,5.3936,29,10,0,1.0,13,0
1,0,1089,7.0917,33,9,0,0.81,18,1
1,0,900,6.5028,30,12,0,1.44,12,0
1,0,784,6.731,28,8,1,0.64,14,1
1,0,625,6.0958,25,4,0,0.16,15,1
1,0,625,6.2971,25,7,0,0.49,12,1
1,1,900,6.2246,30,10,0,1.0,14,1
1,0,961,6.6809,31,13,0,1.69,12,0
1,0,576,5.8777,24,9,0,0.81,9,1
1,0,729,6.2146,27,9,0,0.81,12,1
1,0,1156,6.869,34,16,0,2.56,12,1
1,0,784,5.8579,28,11,0,1.21,11,1
1,0,576,5.7462,24,3,0,0.09,15,1
1,1,576,4.7622,24,2,0,0.04,16,1
1,0,1089,6.5876,33,15,0,2.25,12,1
1,0,1089,6.2841,33,14,1,1.96,13,1
1,1,676,6.2766,26,7,1,0.49,13,1
1,1,784,6.0591,28,5,1,0.25,17,1
1,0,1156,6.9976,34,12,0,1.44,16,1
1,0,1089,7.5627,33,15,0,2.25,12,1
1,1,1024,6.7452,32,8,0,0.64,18,1
1,0,576,5.8999,24,6,0,0.36,12,1
1,0,676,6.1612,26,4,0,0.16,16,1
1,0,676,6.4862,26,7,0,0.49,13,1
1,0,625,6.0868,25,7,0,0.49,12,1
1,0,625,6.1356,25,5,0,0.25,14,1
0,0,784,6.5117,28,6,0,0.36,16,1
0,0,576,7.0475,24,6,0,0.36,12,1
0,0,961,6.6846,31,13,0,1.69,12,1
0,0,625,6.1312,25,7,0,0.49,12,1
0,0,676,5.8111,26,8,0,0.64,12,1
0,0,676,6.5539,26,7,0,0.49,13,1
0,0,625,6.2615,25,7,0,0.49,12,1
1,0,1089,6.5028,33,20,0,4.0,7,0
1,0,676,6.463,26,2,0,0.04,18,1
1,0,576,6.6846,24,6,0,0.36,12,1
1,0,1024,6.3578,32,14,0,1.96,12,1
1,0,1024,6.0474,32,8,0,0.64,18,0
1,0,841,6.7731,29,5,0,0.25,18,1
1,0,784,6.4615,28,7,0,0.49,15,1
0,1,841,7.004,29,7,0,0.49,16,1
0,0,676,6.4754,26,4,0,0.16,16,1
0,1,676,6.1092,26,8,0,0.64,12,1
0,0,1089,6.8287,33,15,0,2.25,12,1
0,0,729,6.5482,27,10,0,1.0,11,1
0,0,1156,6.2246,34,13,1,1.69,15,1
0,1,784,6.3208,28,6,0,0.36,16,1
0,0,625,5.9269,25,2,0,0.04,17,0
0,1,784,6.5117,28,7,0,0.49,15,1
0,0,900,5.7301,30,11,0,1.21,13,1
0,0,1156,6.3716,34,16,0,2.56,12,1
0,0,576,6.6606,24,6,0,0.36,12,1
1,0,729,6.4862,27,9,0,0.81,12,1
1,0,784,6.0474,28,10,0,1.0,12,1
1,0,784,7.1562,28,6,0,0.36,16,1
1,0,625,6.869,25,7,0,0.49,12,1
1,0,900,6.6846,30,12,0,1.44,12,1
1,0,1089,6.6201,33,15,0,2.25,12,1
1,0,841,6.4723,29,5,0,0.25,18,1
1,0,841,6.8437,29,11,0,1.21,12,1
1,0,784,6.286,28,5,0,0.25,17,1
1,0,576,5.6699,24,3,0,0.09,15,1
1,1,841,5.2575,29,11,0,1.21,12,0
1,0,900,6.7069,30,6,0,0.36,18,1
1,0,900,6.7007,30,6,0,0.36,18,1
1,0,841,6.5889,29,11,0,1.21,12,1
1,0,576,7.0255,24,6,0,0.36,12,1
1,0,784,6.4216,28,5,1,0.25,17,1
1,0,676,5.9989,26,8,1,0.64,12,1
1,0,676,6.5582,26,9,0,0.81,11,1
1,0,729,5.8201,27,6,0,0.36,15,1
1,0,784,6.725,28,5,0,0.25,17,1
1,0,676,5.2575,26,3,0,0.09,17,1
1,0,676,6.593,26,8,0,0.64,12,1
1,0,676,6.2953,26,10,0,1.0,10,1
1,0,784,6.713,28,10,0,1.0,12,0
1,1,676,6.0822,26,8,0,0.64,12,1
1,1,576,6.5999,24,4,0,0.16,14,1
1,0,576,6.0568,24,2,0,0.04,16,1
1,0,900,5.8289,30,12,0,1.44,12,0
1,1,1156,6.1759,34,15,0,2.25,13,1
1,0,1024,6.7056,32,10,0,1.0,16,1
1,0,784,6.2146,28,10,0,1.0,12,0
1,0,625,6.2971,25,7,1,0.49,12,1
1,0,676,6.1026,26,4,0,0.16,16,1
1,0,625,5.3799,25,4,0,0.16,15,0
1,0,676,5.6168,26,12,0,1.44,8,1
1,0,576,5.8636,24,3,1,0.09,15,1
1,0,841,6.5806,29,11,0,1.21,12,0
1,0,729,6.9157,27,9,0,0.81,12,0
1,0,841,6.4831,29,6,0,0.36,17,1
1,0,676,6.6884,26,4,0,0.16,16,1
1,0,729,6.3456,27,9,0,0.81,12,1
1,0,625,6.3969,25,3,0,0.09,16,1
1,0,576,6.4693,24,6,0,0.36,12,1
1,0,676,6.1092,26,7,0,0.49,13,1
1,1,676,6.0981,26,7,0,0.49,13,1
1,0,841,6.3801,29,8,0,0.64,15,0
1,0,625,6.5806,25,5,0,0.25,14,1
1,0,1024,6.541,32,14,0,1.96,12,1
1,1,676,6.271,26,7,0,0.49,13,1
1,0,900,6.1527,30,15,0,2.25,9,1
1,0,676,6.1759,26,4,0,0.16,16,1
1,0,625,6.1356,25,3,0,0.09,16,1
1,0,1089,6.3172,33,10,0,1.0,17,1
1,0,1024,6.7627,32,12,0,1.44,14,1
1,0,900,6.5695,30,8,0,0.64,16,0
1,0,576,6.6067,24,6,0,0.36,12,0
1,0,784,6.7056,28,8,0,0.64,14,1
1,0,1156,6.5177,34,16,0,2.56,12,1
1,0,841,6.6809,29,7,0,0.49,16,1
1,0,576,6.6451,24,5,0,0.25,13,1
1,0,625,6.1356,25,3,0,0.09,16,1
1,0,576,6.2519,24,4,0,0.16,14,1
1,0,625,5.9738,25,7,0,0.49,12,0
1,1,1024,6.6846,32,13,0,1.69,13,1
0,0,729,6.5117,27,4,0,0.16,17,1
0,0,1089,6.1759,33,11,0,1.21,16,0
0,0,1024,6.8145,32,14,0,1.96,12,0
0,0,625,6.1759,25,7,0,0.49,12,0
0,0,1089,6.2146,33,16,0,2.56,11,0
0,0,576,5.9532,24,2,0,0.04,16,0
0,0,576,6.0776,24,6,0,0.36,12,1
0,0,625,6.2653,25,7,0,0.49,12,0
0,0,841,6.8167,29,9,0,0.81,14,0
0,0,625,6.2953,25,3,0,0.09,16,0
0,0,784,6.6451,28,9,0,0.81,13,0
0,0,576,5.4205,24,6,0,0.36,12,0
0,0,729,6.5667,27,3,0,0.09,18,0
0,0,1156,5.8464,34,10,0,1.0,18,0
0,0,1024,6.6682,32,14,0,1.96,12,0
0,0,676,6.1203,26,6,0,0.36,14,1
0,0,576,6.1312,24,2,0,0.04,16,1
0,0,676,5.624,26,7,0,0.49,13,0
0,0,1156,6.6946,34,11,0,1.21,17,1
0,0,729,6.4362,27,7,0,0.49,14,0
0,0,676,6.5468,26,8,0,0.64,12,1
0,0,676,5.9349,26,6,0,0.36,14,0
0,0,576,6.1591,24,6,0,0.36,12,0
0,0,576,6.0521,24,6,0,0.36,12,0
0,0,576,6.4754,24,2,0,0.04,16,0
0,0,625,6.1964,25,4,0,0.16,15,1
0,0,676,6.8287,26,2,0,0.04,18,0
0,0,576,5.8579,24,6,0,0.36,12,0
0,0,625,6.3969,25,6,0,0.36,13,0
0,0,961,6.0615,31,16,0,2.56,9,0
0,0,676,6.2146,26,8,0,0.64,12,0
0,0,576,6.2146,24,9,0,0.81,9,0
0,0,1156,5.8579,34,20,0,4.0,8,0
0,0,729,5.9135,27,7,0,0.49,14,0
0,0,576,5.9402,24,2,0,0.04,16,0
0,0,625,5.5215,25,5,0,0.25,14,0
0,0,900,6.2265,30,6,0,0.36,18,1
0,0,729,6.4281,27,9,0,0.81,12,1
0,0,576,5.9428,24,2,0,0.04,16,0
0,0,900,5.8889,30,12,0,1.44,12,0
0,0,784,6.3767,28,10,0,1.0,12,1
0,0,576,5.8579,24,6,0,0.36,12,1
0,0,1024,6.1821,32,14,0,1.96,12,1
0,0,1156,6.7274,34,17,0,2.89,11,0
0,0,841,6.2823,29,13,0,1.69,10,1
1,0,784,5.9532,28,5,0,0.25,17,0
1,0,625,6.1092,25,8,0,0.64,11,0
1,0,784,6.1964,28,6,0,0.36,16,0
1,0,576,6.8178,24,6,0,0.36,12,0
1,0,1024,6.7226,32,8,0,0.64,18,1
1,0,900,6.073,30,12,0,1.44,12,0
1,0,676,6.5511,26,8,0,0.64,12,0
1,0,676,6.2953,26,10,0,1.0,10,0
1,0,576,5.4424,24,2,0,0.04,16,0
0,0,1156,5.9789,34,16,0,2.56,12,0
0,0,625,6.5806,25,7,0,0.49,12,1
0,0,625,7.0792,25,7,0,0.49,12,0
0,0,625,6.2166,25,7,0,0.49,12,1
1,0,576,5.8171,24,2,0,0.04,16,1
1,0,1024,6.3368,32,14,0,1.96,12,0
0,1,1156,6.8711,34,11,0,1.21,17,0
0,0,1089,7.2255,33,15,0,2.25,12,1
0,0,784,6.6846,28,10,0,1.0,12,1
0,0,900,6.4118,30,12,0,1.44,12,1
0,0,625,6.5073,25,3,0,0.09,16,1
0,0,625,6.0981,25,8,0,0.64,11,1
0,0,625,6.1841,25,6,0,0.36,13,1
0,0,1024,6.5653,32,8,0,0.64,18,0
0,0,1024,6.8596,32,14,0,1.96,12,0
0,0,625,6.1738,25,8,0,0.64,11,0
0,0,729,6.2146,27,8,0,0.64,13,1
0,1,676,6.1247,26,4,0,0.16,16,1
1,0,576,6.5806,24,0,0,0.0,18,0
1,0,576,6.5971,24,6,0,0.36,12,0
1,0,1089,5.7991,33,15,0,2.25,12,0
1,0,729,6.0162,27,9,0,0.81,12,0
1,0,729,6.1862,27,9,0,0.81,12,0
1,1,961,6.869,31,7,0,0.49,18,1
1,0,576,5.8833,24,2,0,0.04,16,0
0,0,576,5.7991,24,6,0,0.36,12,0
0,0,784,6.4378,28,10,0,1.0,12,0
0,0,676,6.2046,26,8,0,0.64,12,0
0,0,841,6.4816,29,11,0,1.21,12,0
0,0,729,6.582,27,9,0,0.81,12,0
0,0,625,6.5568,25,7,0,0.49,12,0
0,0,841,6.2422,29,14,0,1.96,9,0
0,0,961,6.4378,31,13,0,1.69,12,1
0,0,841,6.4329,29,5,0,0.25,18,0
0,0,676,6.0568,26,5,0,0.25,15,1
0,0,841,6.4816,29,11,0,1.21,12,0
0,0,900,6.4661,30,12,0,1.44,12,0
0,0,1156,6.3544,34,16,0,2.56,12,1
0,1,1156,5.7462,34,15,0,2.25,13,0
0,0,576,6.4983,24,0,0,0.0,18,0
0,0,1024,6.319,32,13,0,1.69,13,0
0,0,576,5.7038,24,0,0,0.0,18,1
0,0,784,6.4646,28,7,0,0.49,15,0
0,0,784,6.5028,28,8,0,0.64,14,1
0,0,784,7.1854,28,4,0,0.16,18,1
0,0,576,6.2226,24,6,0,0.36,12,1
0,0,625,6.6606,25,3,0,0.09,16,1
0,0,625,6.7056,25,5,0,0.25,14,1
0,0,784,6.2538,28,10,0,1.0,12,0
0,0,729,6.3578,27,9,0,0.81,12,0
0,0,625,5.9269,25,8,0,0.64,11,0
0,0,576,6.2146,24,6,0,0.36,12,0
0,0,784,6.4378,28,6,0,0.36,16,1
0,0,1156,6.528,34,12,0,1.44,16,0
0,0,676,6.1527,26,6,0,0.36,14,0
0,0,729,6.4425,27,8,0,0.64,13,0
0,0,576,6.2634,24,5,0,0.25,13,0
0,0,1024,6.3172,32,14,0,1.96,12,0
1,0,625,6.463,25,3,0,0.09,16,1
1,0,1156,6.2403,34,15,0,2.25,13,1
1,0,729,6.4036,27,9,0,0.81,12,1
1,0,1089,6.5511,33,14,0,1.96,13,1
1,0,1089,6.4069,33,15,0,2.25,12,1
1,0,1089,6.9285,33,15,0,2.25,12,1
1,0,961,6.5709,31,13,0,1.69,12,1
1,0,784,6.2146,28,10,0,1.0,12,1
1,0,784,6.3682,28,10,0,1.0,12,1
1,0,961,6.5596,31,13,0,1.69,12,1
1,0,900,6.2538,30,8,0,0.64,16,0
1,0,841,6.4862,29,7,0,0.49,16,1
1,0,784,6.528,28,6,0,0.36,16,1
1,0,625,5.6204,25,6,0,0.36,13,1
1,0,1156,6.561,34,15,1,2.25,13,1
1,0,1156,6.6695,34,16,0,2.56,12,1
1,0,961,7.1846,31,7,0,0.49,18,1
1,0,784,6.0014,28,8,0,0.64,14,1
1,0,625,5.7038,25,3,0,0.09,16,1
1,0,676,6.5117,26,8,0,0.64,12,1
1,0,1156,6.582,34,16,0,2.56,12,1
1,0,676,6.6451,26,4,0,0.16,16,0
1,0,900,6.6333,30,8,0,0.64,16,0
1,0,900,6.073,30,6,0,0.36,18,0
1,0,1156,7.0834,34,15,0,2.25,13,0
1,0,961,6.1356,31,8,0,0.64,17,0
1,0,576,5.9135,24,6,0,0.36,12,0
1,0,900,6.1633,30,12,0,1.44,12,0
1,0,784,6.0753,28,10,0,1.0,12,0
1,0,676,5.8051,26,8,0,0.64,12,0
1,0,961,6.4615,31,9,0,0.81,16,1
1,0,1156,6.2246,34,16,0,2.56,12,0
1,0,841,6.4378,29,7,0,0.49,16,0
1,0,961,6.1356,31,13,0,1.69,12,0
1,1,729,6.7056,27,4,0,0.16,17,1
1,0,576,6.0707,24,1,0,0.01,17,1
1,0,625,6.463,25,5,0,0.25,14,1
1,0,625,5.4161,25,4,0,0.16,15,0
1,0,1156,6.5806,34,13,1,1.69,15,1
1,0,676,6.582,26,4,0,0.16,16,1
1,0,841,6.7056,29,7,0,0.49,16,1
1,0,729,6.4983,27,5,0,0.25,16,1
1,0,784,6.7991,28,4,0,0.16,18,1
1,0,1156,6.6758,34,17,0,2.89,11,1
1,0,961,6.2897,31,10,0,1.0,15,1
1,0,729,6.7991,27,10,0,1.0,11,1
1,0,900,6.5806,30,9,0,0.81,15,1
1,0,576,6.8298,24,5,0,0.25,13,1
1,0,784,6.2305,28,10,0,1.0,12,1
1,0,1024,6.8341,32,10,0,1.0,16,1
1,0,1089,6.5582,33,10,0,1.0,17,1
1,0,900,6.7627,30,12,0,1.44,12,1
1,0,576,6.2538,24,2,0,0.04,16,1
1,0,576,6.0331,24,6,0,0.36,12,1
1,0,676,5.5835,26,5,0,0.25,15,1
1,0,576,6.4378,24,3,0,0.09,15,1
1,0,961,6.8459,31,13,0,1.69,12,1
1,0,625,6.6412,25,3,0,0.09,16,1
1,0,841,6.6859,29,14,0,1.96,9,1
1,0,784,6.561,28,7,0,0.49,15,1
1,0,900,6.528,30,12,0,1.44,12,1
1,0,676,6.0331,26,4,0,0.16,16,1
1,0,841,6.3969,29,5,0,0.25,18,1
1,0,625,6.525,25,4,0,0.16,15,1
1,0,961,6.8222,31,7,0,0.49,18,0
1,0,1024,6.6039,32,14,0,1.96,12,1
1,0,784,7.0622,28,10,0,1.0,12,1
1,0,841,6.6399,29,12,0,1.44,11,1
1,0,676,6.869,26,8,0,0.64,12,1
1,0,729,5.7038,27,3,0,0.09,18,1
1,0,576,6.4892,24,2,0,0.04,16,1
1,0,676,6.1356,26,8,0,0.64,12,1
1,0,576,6.5806,24,6,0,0.36,12,1
1,0,625,6.7627,25,7,0,0.49,12,1
1,0,576,6.3902,24,7,0,0.49,11,1
1,0,1024,6.8123,32,14,0,1.96,12,1
1,0,841,6.9556,29,11,0,1.21,12,1
1,1,1156,6.1203,34,15,0,2.25,13,1
1,1,729,6.5147,27,9,1,0.81,12,0
1,0,576,6.5806,24,6,1,0.36,12,1
1,0,1089,6.3969,33,20,1,4.0,7,1
1,0,784,6.8298,28,10,1,1.0,12,1
1,0,784,6.6201,28,10,0,1.0,12,1
1,0,784,6.3333,28,10,0,1.0,12,1
1,0,676,6.4378,26,6,0,0.36,14,1
1,0,841,5.7038,29,13,0,1.69,10,0
1,0,729,7.2298,27,9,0,0.81,12,0
1,0,625,6.1527,25,5,0,0.25,14,1
1,0,784,6.6695,28,10,0,1.0,12,1
1,0,625,5.4381,25,3,0,0.09,16,1
0,0,729,5.9636,27,11,0,1.21,10,0
0,0,1089,5.7526,33,15,0,2.25,12,1
0,0,841,5.8721,29,6,0,0.36,17,1
0,0,676,6.2146,26,12,0,1.44,8,1
0,0,1089,6.477,33,16,0,2.56,11,0
0,0,729,6.7032,27,9,0,0.81,12,1
0,0,676,6.4754,26,7,0,0.49,13,0
0,0,841,6.0753,29,11,0,1.21,12,1
0,0,729,6.3969,27,10,0,1.0,11,0
0,1,676,5.3279,26,7,0,0.49,13,1
0,1,729,6.1759,27,9,0,0.81,12,1
0,1,576,6.1841,24,5,0,0.25,13,1
0,0,841,6.632,29,5,0,0.25,18,1
0,0,676,6.9027,26,8,0,0.64,12,1
1,0,841,7.0622,29,11,0,1.21,12,1
1,0,625,5.7494,25,3,0,0.09,16,1
1,0,625,6.8189,25,6,0,0.36,13,1
1,0,676,6.4983,26,7,0,0.49,13,1
1,0,841,6.6631,29,11,0,1.21,12,1
1,0,1024,6.477,32,13,0,1.69,13,1
1,1,729,5.5872,27,12,0,1.44,9,1
1,0,1089,5.8721,33,19,0,3.61,8,0
1,0,1089,6.0868,33,19,0,3.61,8,0
1,0,900,6.1633,30,13,0,1.69,11,1
1,0,1024,6.5876,32,15,0,2.25,11,1
1,0,784,6.5806,28,6,0,0.36,16,1
1,0,1156,6.3333,34,16,0,2.56,12,1
1,0,676,6.3969,26,8,0,0.64,12,1
1,0,625,6.5396,25,4,0,0.16,15,1
1,0,784,6.0474,28,7,0,0.49,15,1
1,0,576,6.667,24,6,0,0.36,12,1
1,0,961,7.0917,31,13,0,1.69,12,1
1,0,1156,6.3578,34,12,0,1.44,16,1
1,0,729,6.4536,27,3,0,0.09,18,0
1,0,729,6.0162,27,9,0,0.81,12,1
1,0,576,5.9135,24,2,0,0.04,16,1
1,0,676,6.6708,26,4,0,0.16,16,1
1,0,576,6.1092,24,1,0,0.01,17,1
1,0,784,7.1317,28,10,0,1.0,12,1
1,0,900,6.6946,30,8,0,0.64,16,1
1,0,900,5.7301,30,8,0,0.64,16,1
1,0,900,6.7056,30,12,0,1.44,12,0
1,0,900,6.5117,30,8,0,0.64,16,1
1,0,841,6.2615,29,11,0,1.21,12,0
1,0,900,5.6168,30,9,0,0.81,15,0
1,0,784,6.0474,28,5,0,0.25,17,0
1,0,784,6.463,28,6,0,0.36,16,1
1,0,784,6.1092,28,10,0,1.0,12,0
1,0,676,5.8081,26,8,0,0.64,12,0
1,0,1024,6.8167,32,14,0,1.96,12,0
1,0,729,4.852,27,10,0,1.0,11,0
1,0,729,5.9814,27,5,0,0.25,16,0
1,0,784,6.1633,28,9,0,0.81,13,1
1,0,961,6.1092,31,12,0,1.44,13,0
1,0,576,5.7038,24,2,0,0.04,16,0
1,0,841,6.1356,29,5,0,0.25,18,1
1,0,1024,6.4457,32,14,0,1.96,12,0
1,0,1089,6.1841,33,15,0,2.25,12,0
1,0,900,6.3081,30,12,0,1.44,12,0
1,0,625,5.9189,25,7,0,0.49,12,0
1,0,1156,6.463,34,16,0,2.56,12,0
1,0,841,6.2519,29,11,0,1.21,12,1
1,0,676,5.9532,26,11,0,1.21,9,0
1,1,841,6.1092,29,7,0,0.49,16,1
0,0,676,5.7526,26,8,0,0.64,12,0
0,0,841,6.5944,29,9,0,0.81,14,0
0,0,1024,5.7838,32,14,0,1.96,12,0
0,0,784,6.4232,28,6,0,0.36,16,1
0,0,900,5.8464,30,9,0,0.81,15,1
0,0,784,6.1549,28,9,0,0.81,13,1
0,0,729,5.7038,27,9,0,0.81,12,0
1,0,576,6.0638,24,5,0,0.25,13,1
1,0,784,5.5872,28,10,1,1.0,12,1
1,0,784,5.4381,28,10,0,1.0,12,1
1,0,576,6.0684,24,4,0,0.16,14,1
1,0,676,6.2748,26,8,0,0.64,12,1
1,0,729,7.0031,27,9,0,0.81,12,1
1,0,784,6.3767,28,10,1,1.0,12,1
1,0,900,6.7346,30,6,0,0.36,18,0
1,0,576,6.463,24,3,0,0.09,15,1
1,0,1156,6.869,34,14,0,1.96,14,1
1,0,1089,6.8255,33,14,0,1.96,13,1
0,0,729,5.8579,27,6,0,0.36,15,0
0,0,576,5.9532,24,2,0,0.04,16,0
0,0,1089,6.4265,33,11,0,1.21,16,0
0,0,961,6.1527,31,12,0,1.44,13,1
0,0,729,6.0186,27,9,0,0.81,12,0
0,0,625,5.9915,25,7,0,0.49,12,0
0,0,1089,6.5511,33,16,0,2.56,11,1
0,0,729,5.7398,27,6,0,0.36,15,1
0,1,576,5.4931,24,4,0,0.16,14,0
0,1,1024,5.5134,32,14,1,1.96,12,1
0,0,900,6.0474,30,13,1,1.69,11,1
0,0,1089,6.3969,33,16,1,2.56,11,1
0,0,625,6.5511,25,2,1,0.04,17,1
0,0,576,5.7038,24,6,0,0.36,12,1
0,0,576,6.5381,24,6,0,0.36,12,1
0,0,900,6.3969,30,12,0,1.44,12,1
0,0,900,6.5511,30,12,0,1.44,12,1
0,0,625,5.6168,25,5,0,0.25,14,0
0,0,1156,6.5147,34,19,1,3.61,9,1
0,0,784,6.107,28,5,0,0.25,17,1
0,0,900,6.4536,30,8,0,0.64,16,1
0,0,841,7.1309,29,9,0,0.81,14,0
0,0,841,6.869,29,5,0,0.25,18,1
0,0,625,6.1944,25,1,0,0.01,18,0
0,0,576,6.3733,24,6,0,0.36,12,0
0,0,1089,6.6201,33,13,0,1.69,14,0
0,0,676,5.7869,26,2,0,0.04,18,0
0,0,841,6.0638,29,5,0,0.25,18,1
0,0,676,6.3474,26,8,0,0.64,12,1
0,0,784,6.8167,28,6,0,0.36,16,0
0,0,900,6.3578,30,10,0,1.0,14,0
0,0,1024,6.0707,32,15,0,2.25,11,0
0,0,576,6.2246,24,6,0,0.36,12,0
1,0,1156,6.5806,34,10,0,1.0,18,0
1,0,1089,6.869,33,11,0,1.21,16,1
1,0,961,6.4118,31,13,0,1.69,12,1
1,0,625,6.1092,25,7,0,0.49,12,0
0,0,1089,6.4378,33,15,0,2.25,12,0
0,0,676,6.5695,26,6,0,0.36,14,0
0,0,576,6.5653,24,6,0,0.36,12,0
0,0,1024,6.8167,32,10,0,1.0,16,1
0,0,576,6.0355,24,10,0,1.0,8,0
0,0,841,6.5396,29,10,0,1.0,13,0
0,0,1156,5.5607,34,16,0,2.56,12,1
0,0,676,6.477,26,7,0,0.49,13,1
0,0,625,6.4135,25,5,0,0.25,14,1
0,0,841,6.5876,29,11,0,1.21,12,1
0,0,1024,6.6425,32,13,0,1.69,13,1
0,0,729,6.4297,27,9,0,0.81,12,0
0,0,729,6.5806,27,5,0,0.25,16,1
0,0,676,6.2461,26,2,0,0.04,18,1
0,0,625,5.9915,25,7,0,0.49,12,0
0,1,729,6.6946,27,7,0,0.49,14,1
0,0,576,6.1312,24,6,0,0.36,12,0
0,0,1024,6.4646,32,9,0,0.81,17,0
0,0,784,6.2519,28,10,0,1.0,12,0
0,0,576,6.3421,24,6,0,0.36,12,1
0,0,576,6.541,24,2,0,0.04,16,0
0,0,961,6.8855,31,13,0,1.69,12,1
0,0,1024,6.658,32,14,0,1.96,12,0
0,0,729,6.0936,27,7,0,0.49,14,1
0,0,1089,6.5396,33,11,0,1.21,16,1
0,0,676,6.0331,26,4,0,0.16,16,0
0,0,900,6.6503,30,13,0,1.69,11,1
0,0,676,5.9915,26,5,0,0.25,15,1
0,0,729,6.8024,27,9,0,0.81,12,1
0,0,961,6.5511,31,9,0,0.81,16,0
0,0,576,6.1841,24,2,0,0.04,16,0
0,0,841,6.7957,29,7,0,0.49,16,1
0,0,841,6.6201,29,5,0,0.25,18,1
0,0,1089,6.9613,33,14,0,1.96,13,0
0,0,784,6.8384,28,10,0,1.0,12,0
0,0,676,6.3421,26,8,0,0.64,12,0
0,0,625,6.8947,25,3,0,0.09,16,1
0,0,576,6.6451,24,2,0,0.04,16,1
0,0,729,6.4739,27,9,0,0.81,12,0
0,0,900,6.107,30,8,0,0.64,16,0
0,0,729,6.363,27,9,0,0.81,12,0
0,0,1089,6.3099,33,19,0,3.61,8,0
0,0,841,6.6846,29,11,0,1.21,12,1
0,0,576,5.0752,24,6,0,0.36,12,1
0,0,784,6.1356,28,5,0,0.25,17,1
0,0,625,6.0521,25,5,0,0.25,14,1
0,0,1024,6.3969,32,18,0,3.24,8,1
0,0,676,6.7639,26,3,0,0.09,17,1
0,0,784,6.5265,28,10,0,1.0,12,1
0,0,729,7.0166,27,9,0,0.81,12,1
0,0,676,7.0031,26,8,0,0.64,12,1
0,0,576,5.656,24,6,0,0.36,12,0
0,0,784,6.2403,28,8,0,0.64,14,1
0,0,676,6.477,26,7,0,0.49,13,1
0,0,961,6.946,31,13,0,1.69,12,1
0,0,676,6.5511,26,8,0,0.64,12,1
1,0,961,5.7526,31,7,0,0.49,18,1
1,0,1089,5.7366,33,15,0,2.25,12,0
1,0,729,5.8141,27,10,0,1.0,11,0
1,0,625,6.25,25,8,0,0.64,11,0
1,0,784,6.5639,28,6,0,0.36,16,1
1,0,625,6.4345,25,7,0,0.49,12,0
1,0,784,5.6971,28,9,0,0.81,13,0
1,0,576,6.4378,24,4,0,0.16,14,1
1,0,841,6.6451,29,7,0,0.49,16,1
1,0,784,6.1291,28,6,0,0.36,16,1
1,0,961,6.3099,31,13,0,1.69,12,0
1,0,841,6.1527,29,9,0,0.81,14,0
1,0,1089,5.9814,33,15,0,2.25,12,0
1,0,625,6.3869,25,5,0,0.25,14,0
1,0,784,6.946,28,6,0,0.36,16,0
1,0,1156,5.9915,34,16,0,2.56,12,1
1,0,676,6.5482,26,8,0,0.64,12,0
1,1,676,6.5695,26,4,0,0.16,16,0
1,0,576,6.3099,24,6,0,0.36,12,0
1,0,729,5.8081,27,7,0,0.49,14,0
1,0,841,6.9641,29,11,0,1.21,12,1
1,0,900,6.3801,30,13,0,1.69,11,1
1,0,576,6.4505,24,6,0,0.36,12,1
1,0,676,6.2146,26,10,0,1.0,10,1
1,0,784,6.6695,28,8,0,0.64,14,1
1,0,961,6.7238,31,7,0,0.49,18,1
1,0,676,6.2897,26,8,0,0.64,12,1
1,0,784,6.3578,28,4,0,0.16,18,1
1,0,900,6.6946,30,10,0,1.0,14,1
1,0,900,6.582,30,10,0,1.0,14,1
1,1,676,6.3969,26,8,0,0.64,12,1
1,1,784,6.1137,28,12,0,1.44,10,1
1,1,729,5.7038,27,14,0,1.96,7,1
1,1,676,5.9738,26,8,1,0.64,12,1
1,1,676,5.2983,26,8,1,0.64,12,1
1,1,1089,6.6201,33,18,0,3.24,9,0
1,1,676,6.5117,26,4,0,0.16,16,0
1,1,900,6.8967,30,10,0,1.0,14,1
1,1,729,6.7799,27,4,0,0.16,17,1
1,1,676,6.8079,26,7,0,0.49,13,0
1,1,1156,5.5215,34,14,1,1.96,14,1
1,1,784,6.2538,28,12,0,1.44,10,1
1,1,729,5.8749,27,9,0,0.81,12,1
1,1,576,5.6276,24,6,0,0.36,12,1
1,1,625,5.9915,25,7,1,0.49,12,1
1,1,784,5.6095,28,12,1,1.44,10,1
1,1,961,6.2146,31,14,0,1.96,11,1
1,1,1089,6.4019,33,16,0,2.56,11,1
1,1,625,5.9915,25,7,0,0.49,12,1
1,1,784,6.1633,28,10,1,1.0,12,1
1,1,1089,7.0031,33,15,0,2.25,12,1
1,1,676,5.8201,26,6,0,0.36,14,1
1,1,729,6.2879,27,10,0,1.0,11,1
1,1,676,6.0014,26,7,1,0.49,13,1
1,1,729,6.6294,27,5,0,0.25,16,1
1,1,1089,6.3172,33,11,0,1.21,16,1
1,1,841,6.3578,29,7,0,0.49,16,1
1,1,676,6.0684,26,5,0,0.25,15,1
1,1,841,6.3099,29,12,0,1.44,11,1
1,1,576,6.6809,24,2,0,0.04,16,1
1,1,729,6.1092,27,7,0,0.49,14,1
1,1,841,6.6933,29,10,0,1.0,13,1
1,1,576,6.3969,24,5,0,0.25,13,1
1,1,1156,6.8384,34,15,0,2.25,13,1
1,1,1089,6.1759,33,16,0,2.56,11,0
1,1,841,6.4345,29,11,0,1.21,12,1
1,1,729,5.793,27,11,1,1.21,10,1
1,1,676,6.3969,26,4,0,0.16,16,1
1,1,729,6.541,27,7,1,0.49,14,1
1,1,1089,6.8276,33,12,0,1.44,15,1
1,1,784,6.5806,28,10,0,1.0,12,1
1,1,625,6.2916,25,7,1,0.49,12,1
1,1,729,6.1291,27,8,1,0.64,13,1
1,1,729,6.1841,27,8,1,0.64,13,1
1,1,625,5.8579,25,7,1,0.49,12,1
1,1,625,5.2983,25,3,0,0.09,16,1
1,1,900,6.2538,30,14,1,1.96,10,1
1,1,625,5.5215,25,7,1,0.49,12,1
1,0,784,6.2226,28,11,1,1.21,11,1
1,1,784,5.8944,28,10,1,1.0,12,1
1,1,1089,6.4831,33,16,1,2.56,11,1
1,1,1024,6.0521,32,14,1,1.96,12,1
1,1,961,5.5013,31,13,1,1.69,12,1
1,1,625,5.5215,25,8,1,0.64,11,1
1,0,1024,6.7788,32,13,0,1.69,13,1
1,1,676,6.5323,26,8,1,0.64,12,1
1,1,1024,5.9965,32,15,1,2.25,11,1
1,1,961,6.0591,31,13,1,1.69,12,1
1,1,576,5.7838,24,5,0,0.25,13,1
1,1,729,6.5862,27,4,0,0.16,17,1
1,1,625,6.6593,25,7,0,0.49,12,1
1,1,729,5.5759,27,7,1,0.49,14,1
1,1,1024,6.1092,32,14,1,1.96,12,1
1,1,729,5.8464,27,7,1,0.49,14,1
1,1,576,5.8579,24,5,1,0.25,13,1
1,1,576,5.9915,24,5,1,0.25,13,1
1,1,1024,6.8876,32,14,0,1.96,12,1
1,1,841,5.9532,29,11,1,1.21,12,1
1,0,784,5.8406,28,5,1,0.25,17,1
1,1,625,6.3333,25,3,1,0.09,16,1
1,1,841,6.1377,29,16,0,2.56,7,1
1,1,784,6.3368,28,10,1,1.0,12,1
1,1,729,6.4583,27,9,1,0.81,12,1
1,1,900,6.1356,30,14,1,1.96,10,1
1,1,729,6.5073,27,8,1,0.64,13,1
1,1,576,6.0014,24,5,1,0.25,13,1
1,1,625,5.9216,25,2,1,0.04,17,1
1,1,576,5.4381,24,6,1,0.36,12,1
1,1,1024,6.3244,32,14,1,1.96,12,1
1,1,841,5.7038,29,15,1,2.25,8,1
1,1,841,6.8167,29,9,0,0.81,14,1
1,1,729,6.3244,27,3,0,0.09,18,1
1,1,1089,6.271,33,14,0,1.96,13,1
1,1,676,5.7991,26,5,0,0.25,15,1
1,1,676,5.9269,26,11,0,1.21,9,1
1,1,576,6.4216,24,5,0,0.25,13,1
1,1,729,6.5806,27,7,0,0.49,14,0
1,0,625,6.271,25,3,0,0.09,16,1
1,1,1156,6.7558,34,16,1,2.56,12,1
1,1,729,6.4754,27,7,1,0.49,14,1
1,1,576,5.4723,24,8,1,0.64,10,1
1,1,1156,5.6168,34,16,1,2.56,12,1
1,1,676,5.7838,26,6,1,0.36,14,1
1,0,841,5.8777,29,9,1,0.81,14,1
1,1,900,5.9532,30,12,1,1.44,12,1
1,1,576,5.8999,24,4,0,0.16,14,1
1,1,1089,6.6846,33,19,0,3.61,8,1
1,1,1156,6.1779,34,16,0,2.56,12,1
1,1,841,6.8617,29,6,0,0.36,17,1
1,1,676,6.1356,26,3,0,0.09,17,1
1,1,784,6.0331,28,6,0,0.36,16,0
1,1,625,5.6699,25,9,0,0.81,10,1
1,1,576,5.4806,24,6,0,0.36,12,1
1,1,961,6.7202,31,13,1,1.69,12,1
1,1,1024,5.8889,32,14,0,1.96,12,1
1,1,784,6.3936,28,6,0,0.36,16,0
1,1,625,6.6201,25,6,0,0.36,13,1
1,1,625,5.9532,25,3,1,0.09,16,1
1,1,784,6.4297,28,6,1,0.36,16,1
1,1,1156,6.463,34,15,0,2.25,13,1
1,1,676,6.1485,26,4,1,0.16,16,1
1,1,576,5.9532,24,5,1,0.25,13,1
1,1,625,6.1356,25,7,1,0.49,12,1
1,1,729,6.4536,27,9,0,0.81,12,1
1,0,676,5.9915,26,8,0,0.64,12,0
1,1,729,6.6333,27,8,0,0.64,13,1
1,1,729,6.3279,27,8,0,0.64,13,1
1,1,1156,6.9078,34,16,0,2.56,12,1
1,1,784,6.0521,28,11,0,1.21,11,1
1,1,900,6.0186,30,12,1,1.44,12,1
1,1,625,5.1874,25,8,0,0.64,11,1
1,1,1024,5.9269,32,8,0,0.64,18,1
1,1,784,7.1686,28,4,0,0.16,18,1
1,0,900,6.1654,30,9,1,0.81,15,1
1,1,729,6.6529,27,5,0,0.25,16,1
1,1,729,6.5709,27,9,0,0.81,12,1
1,1,784,6.0615,28,12,1,1.44,10,1
1,1,576,6.0753,24,5,1,0.25,13,1
1,1,676,6.7742,26,7,0,0.49,13,1
1,1,1089,6.0497,33,13,1,1.69,14,1
1,1,625,5.9269,25,7,1,0.49,12,1
1,1,625,6.1924,25,7,1,0.49,12,1
1,1,576,6.1356,24,3,1,0.09,15,1
1,1,1156,5.8289,34,16,1,2.56,12,1
1,1,900,6.3648,30,12,0,1.44,12,1
1,1,729,6.2442,27,9,0,0.81,12,1
1,1,625,6.9594,25,7,0,0.49,12,1
1,1,900,6.1633,30,12,1,1.44,12,1
1,1,1024,7.3146,32,8,0,0.64,18,1
1,0,1089,6.869,33,12,0,1.44,15,1
1,1,900,5.4381,30,9,1,0.81,15,1
1,1,841,6.6201,29,5,1,0.25,18,1
1,1,676,5.4161,26,5,1,0.25,15,1
1,1,676,5.8021,26,7,1,0.49,13,1
1,1,676,5.9839,26,9,1,0.81,11,1
1,1,1156,6.6201,34,18,0,3.24,10,1
1,1,625,6.1092,25,7,0,0.49,12,1
1,1,625,6.7627,25,6,1,0.36,13,1
1,1,576,6.2823,24,10,0,1.0,8,1
1,0,729,6.7405,27,5,0,0.25,16,1
1,0,676,6.632,26,4,0,0.16,16,1
1,1,576,6.3969,24,2,0,0.04,16,1
1,1,1156,6.9373,34,16,0,2.56,12,1
1,1,1024,6.7754,32,12,0,1.44,14,1
1,1,1024,6.3421,32,14,0,1.96,12,1
1,1,625,6.2785,25,3,0,0.09,16,1
1,1,625,6.1759,25,7,0,0.49,12,1
1,1,784,6.4036,28,10,1,1.0,12,1
1,1,729,6.4877,27,9,0,0.81,12,1
1,1,961,6.4378,31,13,0,1.69,12,1
1,1,841,5.6348,29,11,1,1.21,12,1
1,1,784,6.2146,28,12,0,1.44,10,1
1,1,676,6.2823,26,8,0,0.64,12,1
1,1,676,6.7069,26,10,0,1.0,10,1
1,1,1156,6.4362,34,18,0,3.24,10,1
1,1,784,6.4036,28,12,0,1.44,10,1
1,0,961,6.2246,31,13,0,1.69,12,1
1,0,900,6.6201,30,12,0,1.44,12,1
1,0,1024,6.5806,32,14,0,1.96,12,1
1,0,1024,6.5132,32,8,0,0.64,18,1
1,1,1089,6.8167,33,11,0,1.21,16,1
1,1,900,6.7788,30,7,1,0.49,17,1
1,1,676,6.0568,26,8,1,0.64,12,1
1,1,576,6.6746,24,10,1,1.0,8,1
1,1,841,5.79,29,9,1,0.81,14,1
1,1,900,5.7462,30,14,1,1.96,10,1
1,0,1156,6.667,34,12,1,1.44,16,1
1,0,961,5.8201,31,7,0,0.49,18,1
1,1,900,5.9532,30,14,1,1.96,10,1
1,1,729,6.271,27,5,1,0.25,16,1
1,1,1089,6.0615,33,17,1,2.89,10,0
1,0,729,6.8916,27,9,0,0.81,12,0
1,1,1156,6.7056,34,16,0,2.56,12,1
1,1,1024,6.6134,32,12,1,1.44,14,1
1,1,576,5.8435,24,8,1,0.64,10,1
1,1,1156,6.3172,34,14,1,1.96,14,1
1,1,576,5.5722,24,5,1,0.25,13,1
1,1,1024,6.6134,32,8,1,0.64,18,1
1,1,841,6.5117,29,6,1,0.36,17,1
1,1,1024,6.5806,32,9,1,0.81,17,1
1,1,900,6.0822,30,11,1,1.21,13,1
0,1,676,6.3008,26,8,1,0.64,12,1
0,1,625,5.5215,25,5,1,0.25,14,1
0,1,729,6.4362,27,7,1,0.49,14,1
0,1,841,5.9915,29,10,0,1.0,13,1
0,1,841,6.3578,29,7,0,0.49,16,1
0,1,625,6.7007,25,3,1,0.09,16,1
0,1,1156,6.4378,34,16,1,2.56,12,1
0,1,676,6.1841,26,6,1,0.36,14,1
0,1,784,6.7346,28,6,0,0.36,16,1
0,1,729,6.7627,27,5,0,0.25,16,1
0,1,676,5.7838,26,4,0,0.16,16,1
0,1,676,6.1675,26,6,1,0.36,14,1
0,1,625,5.5215,25,3,1,0.09,16,1
0,1,576,6.2146,24,6,0,0.36,12,1
0,1,625,6.2442,25,6,0,0.36,13,1
0,1,784,5.5452,28,4,0,0.16,18,1
0,1,576,6.5765,24,5,0,0.25,13,1
0,0,900,6.6796,30,6,0,0.36,18,1
0,1,625,6.6201,25,7,0,0.49,12,1
0,1,576,6.0379,24,6,1,0.36,12,1
0,1,676,6.0661,26,8,1,0.64,12,1
0,0,625,6.0521,25,7,1,0.49,12,1
0,1,961,5.3936,31,13,1,1.69,12,1
0,1,841,6.5294,29,10,1,1.0,13,1
0,1,1156,6.2146,34,13,0,1.69,15,1
0,1,676,6.3117,26,4,0,0.16,16,1
0,1,625,6.5511,25,8,0,0.64,11,1
1,1,1024,6.561,32,14,0,1.96,12,1
1,1,784,6.2596,28,5,0,0.25,17,1
1,1,576,6.0707,24,6,0,0.36,12,1
1,1,625,6.1356,25,5,0,0.25,14,1
1,1,576,5.9839,24,6,0,0.36,12,1
1,1,676,5.9915,26,5,0,0.25,15,1
1,0,784,6.7708,28,4,0,0.16,18,1
1,1,676,5.9349,26,8,0,0.64,12,1
1,1,729,5.8972,27,9,0,0.81,12,1
1,1,961,6.869,31,10,0,1.0,15,1
1,1,900,6.6859,30,9,0,0.81,15,1
1,1,1024,5.9915,32,21,0,4.41,5,1
1,1,841,6.2916,29,10,1,1.0,13,1
1,1,900,6.1092,30,14,0,1.96,10,1
1,1,729,6.0822,27,6,1,0.36,15,1
1,1,676,5.8861,26,8,1,0.64,12,1
1,1,729,6.271,27,9,0,0.81,12,1
1,1,676,6.5806,26,8,1,0.64,12,1
1,1,961,5.8435,31,23,0,5.29,2,1
1,0,729,6.9584,27,10,0,1.0,11,1
1,1,784,6.5876,28,6,0,0.36,16,1
1,0,1089,6.2971,33,15,1,2.25,12,1
1,0,1089,7.0917,33,11,0,1.21,16,1
1,1,576,5.9915,24,2,0,0.04,16,1
1,1,1024,5.9269,32,17,1,2.89,9,1
1,1,900,5.6384,30,13,1,1.69,11,1
1,1,576,4.8442,24,6,1,0.36,12,1
1,0,1024,7.2392,32,14,1,1.96,12,1
1,1,900,6.4754,30,12,0,1.44,12,0
1,1,961,6.0403,31,9,0,0.81,16,1
1,1,729,6.1203,27,5,0,0.25,16,1
1,1,625,6.4938,25,7,1,0.49,12,1
1,1,576,5.9402,24,6,0,0.36,12,0
1,1,1156,5.7526,34,18,1,3.24,10,1
1,1,576,6.1137,24,4,0,0.16,14,1
1,1,784,6.4378,28,10,0,1.0,12,1
1,1,576,6.3986,24,4,0,0.16,14,1
1,1,729,6.2126,27,8,0,0.64,13,1
0,1,961,6.541,31,17,0,2.89,8,1
1,1,1024,6.2823,32,8,0,0.64,18,0
1,0,676,6.142,26,13,0,1.69,7,1
1,1,576,5.9915,24,6,0,0.36,12,0
1,1,729,5.9081,27,3,0,0.09,18,0
1,1,625,6.5511,25,11,0,1.21,8,0
1,0,961,6.869,31,9,0,0.81,16,1
1,1,576,5.8999,24,12,0,1.44,6,0
1,1,1089,6.1633,33,18,0,3.24,9,0
1,1,576,5.2983,24,6,0,0.36,12,0
1,0,576,6.3969,24,9,1,0.81,9,1
1,0,729,6.2246,27,9,1,0.81,12,1
1,1,961,6.3578,31,9,1,0.81,16,1
1,1,576,6.1247,24,6,1,0.36,12,0
1,1,1156,6.6201,34,16,0,2.56,12,1
1,1,1024,6.3578,32,15,0,2.25,11,0
1,1,576,5.6664,24,3,0,0.09,15,1
1,1,625,5.4116,25,7,1,0.49,12,1
1,1,576,5.8944,24,8,1,0.64,10,1
1,1,676,5.4337,26,10,1,1.0,10,1
1,1,676,5.4553,26,11,1,1.21,9,1
1,1,576,6.142,24,4,1,0.16,14,1
1,1,729,7.6416,27,5,0,0.25,16,1
1,1,961,6.0568,31,10,1,1.0,15,1
1,1,1089,6.5191,33,15,0,2.25,12,1
1,1,729,5.7462,27,8,0,0.64,13,0
1,1,784,6.3986,28,4,0,0.16,18,1
1,1,1089,6.2146,33,17,0,2.89,10,1
1,1,784,5.9269,28,10,0,1.0,12,1
1,1,1156,6.3099,34,16,1,2.56,12,1
1,0,784,6.5539,28,5,1,0.25,17,1
1,1,1089,6.4378,33,11,1,1.21,16,1
1,1,1156,6.0474,34,14,1,1.96,14,1
1,1,784,5.8721,28,11,1,1.21,11,1
1,1,676,6.2519,26,8,0,0.64,12,1
1,1,576,5.8833,24,4,0,0.16,14,1
1,1,729,5.8551,27,10,1,1.0,11,1
1,1,961,5.6802,31,13,1,1.69,12,1
1,1,784,6.0936,28,4,1,0.16,18,1
1,1,1156,5.5984,34,22,1,4.84,6,1
1,1,784,5.9532,28,8,0,0.64,14,1
1,1,729,6.0822,27,9,0,0.81,12,1
1,1,900,6.0331,30,13,0,1.69,11,1
1,1,961,6.1759,31,14,0,1.96,11,1
1,1,900,6.3902,30,8,0,0.64,16,1
1,1,784,6.3969,28,10,1,1.0,12,1
1,1,729,5.5215,27,7,1,0.49,14,1
1,1,961,6.2748,31,13,1,1.69,12,1
1,1,676,6.3818,26,8,1,0.64,12,1
1,0,1089,6.2206,33,15,1,2.25,12,1
1,0,625,6.1633,25,8,1,0.64,11,1
1,1,961,7.2255,31,9,0,0.81,16,1
1,0,576,5.7838,24,1,0,0.01,17,1
1,1,625,6.3578,25,5,0,0.25,14,1
1,0,625,6.5539,25,7,0,0.49,12,1
1,1,625,6.0958,25,3,0,0.09,16,1
1,1,729,6.3279,27,8,1,0.64,13,1
1,1,1024,6.869,32,13,0,1.69,13,1
1,1,676,5.7366,26,8,0,0.64,12,1
1,1,1089,7.146,33,10,0,1.0,17,1
1,0,784,6.2146,28,6,0,0.36,16,1
1,0,900,6.3682,30,8,0,0.64,16,1
1,0,625,4.7185,25,2,0,0.04,17,1
1,0,1089,6.5117,33,13,0,1.69,14,1
1,1,841,7.5616,29,6,0,0.36,17,1
1,1,576,5.9915,24,4,1,0.16,14,1
1,1,625,6.1312,25,7,1,0.49,12,1
1,1,900,5.5013,30,12,1,1.44,12,1
1,1,729,5.7526,27,5,1,0.25,16,1
1,1,676,6.463,26,6,0,0.36,14,1
1,1,625,6.6201,25,7,0,0.49,12,1
1,0,625,5.7301,25,2,0,0.04,17,1
1,0,841,5.8579,29,6,0,0.36,17,1
1,0,729,6.1356,27,3,0,0.09,18,1
1,0,1156,7.051,34,13,0,1.69,15,1
1,1,1156,7.4662,34,12,0,1.44,16,1
1,0,1089,6.6451,33,10,0,1.0,17,1
1,0,841,6.593,29,8,0,0.64,15,1
1,1,900,6.6012,30,6,0,0.36,18,0
1,1,625,6.2146,25,3,0,0.09,16,0
1,1,576,5.8999,24,2,0,0.04,16,0
1,1,576,5.8081,24,5,0,0.25,13,1
1,1,1089,6.5806,33,15,0,2.25,12,0
1,1,729,5.9269,27,9,0,0.81,12,0
1,1,676,5.5215,26,8,0,0.64,12,0
1,1,900,5.8889,30,7,0,0.49,17,0
0,1,1024,5.6454,32,19,0,3.61,7,0
0,1,1156,6.0283,34,16,0,2.56,12,0
0,1,729,6.2577,27,5,0,0.25,16,0
0,1,1089,6.5596,33,15,0,2.25,12,0
0,1,676,6.0137,26,4,0,0.16,16,0
0,1,576,6.0307,24,6,0,0.36,12,0
0,0,900,6.667,30,12,0,1.44,12,1
0,1,729,6.3578,27,5,0,0.25,16,0
0,1,576,6.1696,24,2,0,0.04,16,0
0,1,729,6.4378,27,4,0,0.16,17,1
0,1,576,6.2246,24,1,0,0.01,17,0
0,1,1024,5.6595,32,14,0,1.96,12,0
0,1,576,6.2146,24,6,0,0.36,12,1
0,1,729,6.2146,27,13,0,1.69,8,1
0,1,729,5.8579,27,9,0,0.81,12,0
0,1,576,6.1356,24,5,0,0.25,13,0
0,1,900,6.3063,30,11,1,1.21,13,0
0,1,784,5.5413,28,10,1,1.0,12,0
0,1,576,6.2615,24,5,1,0.25,13,1
0,1,1089,5.6768,33,15,1,2.25,12,0
0,1,784,5.9269,28,8,0,0.64,14,1
0,1,1024,6.271,32,8,0,0.64,18,1
0,1,625,6.8123,25,3,0,0.09,16,0
0,1,784,5.8665,28,13,0,1.69,9,1
0,1,784,7.0519,28,8,0,0.64,14,1
0,1,1156,5.5215,34,20,0,4.0,8,1
0,1,784,6.6606,28,9,0,0.81,13,1
0,1,961,6.0307,31,12,0,1.44,13,1
1,1,841,5.8972,29,10,1,1.0,13,0
1,1,729,5.9269,27,8,1,0.64,13,1
1,1,576,5.9269,24,3,1,0.09,15,0
1,1,784,5.8805,28,6,1,0.36,16,0
1,1,961,5.7038,31,18,1,3.24,7,0
1,1,625,6.2691,25,5,0,0.25,14,0
1,1,1156,5.7004,34,16,0,2.56,12,0
1,1,1024,6.1092,32,18,1,3.24,8,0
1,1,625,6.2916,25,5,1,0.25,14,0
1,1,841,6.2691,29,15,0,2.25,8,0
1,1,900,6.6451,30,12,0,1.44,12,0
1,0,676,5.2883,26,8,1,0.64,12,1
1,0,576,5.9915,24,6,1,0.36,12,1
1,0,784,6.6241,28,10,1,1.0,12,1
1,0,576,6.0981,24,6,1,0.36,12,1
1,1,900,5.4806,30,15,1,2.25,9,0
1,1,625,5.118,25,16,1,2.56,3,0
1,1,576,6.0981,24,6,0,0.36,12,1
1,1,676,5.5215,26,10,1,1.0,10,0
1,1,676,6.1633,26,8,0,0.64,12,0
1,1,784,5.9915,28,6,0,0.36,16,0
1,1,576,5.9865,24,0,0,0.0,18,0
1,0,625,5.8579,25,7,1,0.49,12,1
1,1,1089,6.2596,33,15,1,2.25,12,0
1,1,961,5.5984,31,15,1,2.25,10,0
1,1,900,5.7366,30,15,1,2.25,9,0
1,1,961,5.7038,31,19,1,3.61,6,0
1,1,784,5.7838,28,10,1,1.0,12,0
1,1,576,6.8024,24,6,0,0.36,12,1
0,1,676,6.6201,26,7,0,0.49,13,1
0,1,676,5.6525,26,12,1,1.44,8,1
0,1,576,5.6276,24,6,0,0.36,12,1
0,1,841,6.2146,29,10,1,1.0,13,1
0,1,900,6.5511,30,16,0,2.56,8,1
0,1,676,5.7038,26,11,0,1.21,9,1
0,1,1156,5.9713,34,20,0,4.0,8,1
0,1,1156,6.2364,34,16,0,2.56,12,1
0,1,961,6.4362,31,9,0,0.81,16,1
0,1,729,5.4972,27,9,1,0.81,12,1
0,1,729,5.8944,27,9,0,0.81,12,1
0,1,729,6.4069,27,5,0,0.25,16,1
0,1,625,6.6333,25,7,0,0.49,12,1
0,1,961,5.9532,31,11,0,1.21,14,1
0,1,1024,6.2046,32,14,1,1.96,12,1
0,1,729,6.719,27,5,0,0.25,16,1
0,1,625,6.0014,25,7,0,0.49,12,1
0,1,729,5.5872,27,6,0,0.36,15,0
0,1,1156,6.0868,34,16,0,2.56,12,0
0,1,784,5.9269,28,8,0,0.64,14,0
0,1,576,5.7071,24,8,0,0.64,10,0
0,1,1156,6.4892,34,16,0,2.56,12,0
0,0,576,6.2422,24,3,1,0.09,15,1
0,1,676,5.7038,26,8,1,0.64,12,0
0,1,676,5.4381,26,8,1,0.64,12,0
0,1,961,5.5607,31,15,1,2.25,10,0
0,1,576,5.7203,24,6,1,0.36,12,0
0,1,961,6.0638,31,17,1,2.89,8,0
0,1,576,5.5607,24,10,1,1.0,8,0
0,1,576,6.3578,24,2,0,0.04,16,1
0,1,841,6.0521,29,12,1,1.44,11,0
0,1,625,5.7526,25,7,1,0.49,12,0
0,1,841,5.9269,29,10,0,1.0,13,0
0,1,1089,6.2146,33,18,1,3.24,9,0
0,1,625,6.2146,25,7,0,0.49,12,1
0,1,1024,5.8579,32,14,1,1.96,12,1
0,1,841,6.2634,29,13,1,1.69,10,1
0,1,676,6.2146,26,3,0,0.09,17,0
0,1,625,5.9532,25,3,0,0.09,16,1
1,1,625,4.6052,25,10,1,1.0,9,1
1,1,676,5.7038,26,5,1,0.25,15,1
1,1,576,5.2364,24,6,1,0.36,12,1
1,1,1089,5.8721,33,19,1,3.61,8,1
1,1,625,5.5872,25,7,1,0.49,12,1
1,1,784,5.5872,28,10,1,1.0,12,1
1,1,1156,6.3733,34,16,0,2.56,12,1
1,1,576,5.9269,24,6,1,0.36,12,0
1,1,961,5.8464,31,13,1,1.69,12,0
1,1,784,6.3008,28,6,0,0.36,16,1
1,1,625,6.3315,25,5,0,0.25,14,1
1,0,676,6.3578,26,8,0,0.64,12,1
1,0,676,6.7912,26,5,0,0.25,15,1
1,1,676,6.4378,26,7,0,0.49,13,0
1,1,676,6.0307,26,7,0,0.49,13,0
1,1,961,6.5265,31,19,0,3.61,6,0
0,1,900,6.4378,30,13,1,1.69,11,1
0,1,729,5.7366,27,12,1,1.44,9,1
0,1,784,6.4983,28,10,1,1.0,12,1
0,1,1024,5.656,32,15,0,2.25,11,1
0,1,676,6.3969,26,8,1,0.64,12,1
0,0,841,6.6093,29,7,1,0.49,16,1
0,1,729,5.4161,27,10,1,1.0,11,1
0,1,1156,6.4345,34,16,0,2.56,12,1
0,1,576,6.4019,24,6,0,0.36,12,1
0,1,841,6.3099,29,11,0,1.21,12,1
0,1,729,6.6859,27,5,0,0.25,16,0
1,1,900,5.7991,30,10,0,1.0,14,1
1,1,1156,6.528,34,12,0,1.44,16,1
1,0,841,6.9078,29,8,0,0.64,15,1
1,1,900,6.9948,30,8,0,0.64,16,1
1,1,576,6.1654,24,5,1,0.25,13,1
1,1,576,6.2146,24,6,1,0.36,12,1
1,1,625,6.8565,25,5,1,0.25,14,1
1,1,900,7.0405,30,6,1,0.36,18,1
1,1,1024,6.1092,32,14,1,1.96,12,1
1,1,625,6.1048,25,7,0,0.49,12,1
1,1,729,5.8889,27,5,0,0.25,16,1
1,1,576,6.2823,24,5,0,0.25,13,1
1,1,625,6.4232,25,2,0,0.04,17,1
1,1,576,6.1944,24,4,0,0.16,14,1
1,1,676,6.0283,26,8,0,0.64,12,1
0,1,576,5.5215,24,5,1,0.25,13,1
0,1,784,6.2146,28,9,0,0.81,13,0
0,1,784,7.0519,28,4,0,0.16,18,1
0,1,1024,6.2634,32,14,0,1.96,12,0
0,1,576,5.7038,24,7,0,0.49,11,1
0,1,676,5.7301,26,11,0,1.21,9,0
0,1,841,6.4378,29,15,0,2.25,8,0
0,1,576,5.8579,24,5,0,0.25,13,1
0,1,900,6.5117,30,8,0,0.64,16,0
0,1,784,6.3244,28,9,0,0.81,13,0
0,1,784,5.8608,28,10,1,1.0,12,0
0,0,784,6.5834,28,10,1,1.0,12,1
0,1,729,6.3439,27,6,1,0.36,15,0
0,1,625,5.4806,25,8,1,0.64,11,1
0,1,1024,6.1092,32,18,0,3.24,8,0
0,1,1089,5.823,33,16,1,2.56,11,0
0,1,841,5.663,29,13,1,1.69,10,0
1,1,576,6.0234,24,1,0,0.01,17,0
1,1,841,6.7429,29,11,0,1.21,12,0
1,1,1024,6.7731,32,10,0,1.0,16,0
1,1,841,5.687,29,12,1,1.44,11,0
1,1,676,5.7038,26,12,1,1.44,8,0
1,1,676,5.6664,26,4,1,0.16,16,1
1,1,841,5.6971,29,14,1,1.96,9,0
1,1,1024,5.8889,32,21,1,4.41,5,0
1,0,900,7.0003,30,12,1,1.44,12,1
1,0,1089,6.142,33,11,1,1.21,16,1
1,1,729,5.5797,27,7,1,0.49,14,0
1,1,900,6.7322,30,8,0,0.64,16,1
1,1,961,6.3578,31,9,0,0.81,16,0
1,1,729,5.4161,27,11,1,1.21,10,0
1,1,625,5.4596,25,7,1,0.49,12,0
1,1,676,5.5215,26,8,1,0.64,12,1
1,1,784,5.2781,28,10,0,1.0,12,0
1,1,1024,6.1633,32,14,1,1.96,12,0
1,1,676,6.2146,26,9,0,0.81,11,0
1,1,841,5.8111,29,15,1,2.25,8,0
1,1,729,6.1181,27,11,1,1.21,10,0
1,1,625,6.8512,25,3,0,0.09,16,1
1,1,576,5.6733,24,5,0,0.25,13,0
1,1,729,6.2538,27,5,0,0.25,16,0
1,1,784,6.1612,28,7,0,0.49,15,0
1,1,1024,5.6904,32,18,0,3.24,8,0
1,1,1089,6.0403,33,15,0,2.25,12,1
1,1,676,6.2519,26,8,0,0.64,12,0
1,1,1024,5.7557,32,14,0,1.96,12,0
1,1,784,5.9269,28,10,0,1.0,12,0
1,1,625,6.3099,25,6,1,0.36,13,0
1,1,1089,6.8501,33,19,0,3.61,8,0
1,1,729,6.1633,27,5,0,0.25,16,1
1,1,729,5.9738,27,5,0,0.25,16,1
1,1,576,6.6201,24,7,0,0.49,11,1
1,1,784,6.1985,28,9,0,0.81,13,1
1,1,784,6.2146,28,10,1,1.0,12,1
1,1,576,5.591,24,7,1,0.49,11,1
1,1,1089,6.1633,33,15,1,2.25,12,1
1,1,961,5.8999,31,13,1,1.69,12,1
1,1,676,5.6384,26,9,1,0.81,11,1
1,1,576,5.5215,24,4,1,0.16,14,1
1,1,1089,5.5722,33,15,1,2.25,12,1
1,0,841,6.9197,29,5,0,0.25,18,1
1,1,784,6.725,28,5,0,0.25,17,1
1,0,576,5.7462,24,2,0,0.04,16,1
1,1,1024,6.869,32,12,0,1.44,14,1
1,1,841,5.8464,29,14,1,1.96,9,1
1,1,625,5.7038,25,8,1,0.64,11,1
1,1,1024,5.9269,32,15,1,2.25,11,1
1,1,576,6.2146,24,4,0,0.16,14,1
1,1,625,5.8464,25,7,0,0.49,12,1
1,1,1156,5.7652,34,19,1,3.61,9,1
1,1,676,5.9915,26,9,1,0.81,11,1
1,1,729,6.3063,27,8,1,0.64,13,1
1,1,625,5.4381,25,12,1,1.44,7,1
1,1,676,6.0355,26,8,0,0.64,12,0
1,1,841,6.2672,29,10,0,1.0,13,1
1,1,1089,6.7627,33,17,0,2.89,10,1
1,1,1156,6.2519,34,15,0,2.25,13,1
1,1,841,5.8141,29,12,0,1.44,11,1
1,1,1089,6.7627,33,14,0,1.96,13,1
1,1,729,6.2538,27,13,0,1.69,8,0
1,1,729,6.7511,27,4,0,0.16,17,1
1,1,576,5.7557,24,6,0,0.36,12,0
1,1,1089,6.7226,33,9,0,0.81,18,1
1,1,961,6.7742,31,9,0,0.81,16,1
1,1,1089,7.2255,33,13,0,1.69,14,1
1,1,1156,6.1115,34,12,0,1.44,16,1
1,1,1156,6.528,34,10,0,1.0,18,0
1,1,784,6.0753,28,9,0,0.81,13,1
1,1,1024,6.8167,32,13,0,1.69,13,1
1,1,1089,6.7511,33,14,0,1.96,13,0
1,1,1156,6.3969,34,18,0,3.24,10,1
1,1,784,5.5452,28,10,1,1.0,12,1
1,1,841,5.9269,29,11,1,1.21,12,1
1,1,729,6.089,27,5,1,0.25,16,1
1,1,625,6.0039,25,6,1,0.36,13,1
1,1,1024,6.0162,32,14,1,1.96,12,1
1,1,729,5.7038,27,6,0,0.36,15,1
1,1,676,6.541,26,4,0,0.16,16,1
1,0,900,6.9197,30,6,0,0.36,18,1
0,1,676,6.1137,26,5,1,0.25,15,1
0,1,784,5.961,28,10,0,1.0,12,1
0,1,729,6.1985,27,3,0,0.09,18,0
0,1,961,5.7462,31,20,0,4.0,5,0
1,1,676,6.3578,26,6,0,0.36,14,1
1,1,576,5.9269,24,6,0,0.36,12,1
1,0,1089,6.4846,33,15,0,2.25,12,1
1,1,676,6.5639,26,4,0,0.16,16,1
1,1,676,6.2364,26,6,1,0.36,14,1
1,1,1156,6.4378,34,16,0,2.56,12,1
1,1,625,6.1312,25,5,0,0.25,14,1
1,1,1089,6.4378,33,13,0,1.69,14,1
1,1,784,6.3544,28,10,1,1.0,12,1
1,1,625,6.2146,25,7,1,0.49,12,1
1,0,729,6.0259,27,8,1,0.64,13,1
1,0,676,6.1549,26,7,1,0.49,13,1
1,1,841,6.2538,29,11,1,1.21,12,1
1,0,729,6.6201,27,8,1,0.64,13,1
1,1,625,6.1944,25,7,1,0.49,12,1
1,0,961,6.0521,31,7,1,0.49,18,1
1,1,1024,6.2823,32,14,1,1.96,12,1
0,1,676,6.6134,26,7,0,0.49,13,1
0,1,576,5.9915,24,6,0,0.36,12,1
0,1,784,5.7683,28,10,0,1.0,12,1
0,1,841,6.4069,29,6,0,0.36,17,1
0,1,576,6.3333,24,7,0,0.49,11,1
0,1,729,5.7838,27,9,1,0.81,12,1
0,1,841,6.7105,29,10,0,1.0,13,1
0,1,1024,6.697,32,14,0,1.96,12,1
0,1,676,5.9243,26,8,0,0.64,12,1
0,1,1024,5.7038,32,14,0,1.96,12,1
1,1,841,6.4281,29,11,0,1.21,12,1
1,1,1024,6.463,32,8,0,0.64,18,0
1,1,961,6.3716,31,13,0,1.69,12,1
1,1,900,6.375,30,12,0,1.44,12,1
1,1,576,6.2785,24,6,1,0.36,12,1
1,1,900,5.7838,30,12,1,1.44,12,1
1,1,676,6.4846,26,7,1,0.49,13,1
1,1,625,6.4249,25,6,1,0.36,13,1
1,1,576,6.4003,24,6,1,0.36,12,1
1,1,676,6.3099,26,4,1,0.16,16,1
1,1,625,6.5309,25,3,1,0.09,16,1
1,1,900,6.4378,30,14,1,1.96,10,1
1,1,961,6.0868,31,14,1,1.96,11,1
1,1,1089,5.0304,33,21,1,4.41,6,1
1,1,729,6.3886,27,11,1,1.21,10,1
1,1,729,6.1356,27,10,1,1.0,11,1
1,1,676,5.7038,26,9,1,0.81,11,1
1,1,961,6.2146,31,15,1,2.25,10,1
1,1,841,6.0014,29,13,1,1.69,10,1
1,1,1024,5.6168,32,16,1,2.56,10,1
1,1,1024,5.9915,32,18,1,3.24,8,0
1,1,784,6.3969,28,4,0,0.16,18,0
1,1,729,6.3578,27,8,0,0.64,13,0
1,1,729,5.9269,27,9,0,0.81,12,0
1,1,676,5.717,26,8,0,0.64,12,0
1,1,784,5.6419,28,10,1,1.0,12,0
1,1,784,5.6168,28,8,1,0.64,14,0
1,1,625,6.4536,25,7,0,0.49,12,0
1,0,625,6.5667,25,1,1,0.01,18,1
1,0,784,6.8659,28,9,1,0.81,13,1
1,1,841,6.463,29,7,1,0.49,16,0
1,1,576,6.0958,24,5,0,0.25,13,0
1,1,1156,5.4596,34,19,1,3.61,9,1
1,1,625,6.1633,25,4,1,0.16,15,1
1,1,676,5.5294,26,8,1,0.64,12,0
1,1,729,6.4536,27,7,0,0.49,14,1
1,1,676,5.9661,26,7,1,0.49,13,0
1,1,1089,6.0234,33,18,1,3.24,9,0
1,0,841,5.9915,29,12,1,1.44,11,1
1,1,625,5.663,25,11,1,1.21,8,0
1,1,625,5.8861,25,7,1,0.49,12,1
1,1,1024,6.5117,32,14,0,1.96,12,0
0,1,1156,5.9738,34,18,1,3.24,10,1
0,1,676,6.3578,26,4,1,0.16,16,1
0,1,676,5.2364,26,9,1,0.81,11,1
0,1,729,5.6525,27,16,1,2.56,5,1
0,1,1156,5.9269,34,19,1,3.61,9,1
0,1,900,6.6464,30,7,0,0.49,17,1
0,0,676,6.3244,26,3,0,0.09,17,1
0,0,784,7.4748,28,4,0,0.16,18,1
0,1,1156,6.5439,34,16,0,2.56,12,1
0,0,576,6.1924,24,8,0,0.64,10,0
0,1,576,6.2324,24,6,0,0.36,12,1
0,1,1089,6.7069,33,15,0,2.25,12,0
0,1,900,5.6168,30,17,0,2.89,7,0
0,1,900,6.3969,30,12,0,1.44,12,0
1,1,625,6.3578,25,6,0,0.36,13,1
1,1,576,5.4381,24,4,0,0.16,14,1
1,0,676,6.2285,26,9,0,0.81,11,1
1,1,676,6.4069,26,8,0,0.64,12,1
1,1,576,6.7007,24,6,0,0.36,12,1
1,1,625,5.6525,25,9,0,0.81,10,1
1,1,961,6.9735,31,9,0,0.81,16,1
1,1,1024,7.3994,32,12,0,1.44,14,1
1,1,900,6.7569,30,8,0,0.64,16,0
1,1,676,6.628,26,6,0,0.36,14,1
1,1,625,6.6201,25,4,0,0.16,15,1
1,1,1024,6.0822,32,14,0,1.96,12,1
1,1,1089,7.0085,33,15,0,2.25,12,1
1,1,900,5.6733,30,7,1,0.49,17,1
1,0,676,5.8051,26,8,1,0.64,12,1
1,1,676,6.0331,26,7,0,0.49,13,0
1,1,900,6.4378,30,11,0,1.21,13,1
1,1,729,6.1356,27,9,0,0.81,12,0
1,1,1156,5.5215,34,20,0,4.0,8,0
1,0,900,6.2538,30,6,0,0.36,18,0
1,1,784,5.0106,28,8,0,0.64,14,1
1,0,625,5.9915,25,5,0,0.25,14,1
1,0,841,5.9532,29,5,0,0.25,18,0
1,0,1156,6.3578,34,13,0,1.69,15,1
1,0,1156,6.2879,34,10,0,1.0,18,1
1,0,784,6.6859,28,5,0,0.25,17,1
1,0,576,6.2146,24,1,0,0.01,17,1
1,0,841,6.7957,29,10,0,1.0,13,1
1,0,729,6.4378,27,7,0,0.49,14,1
1,0,784,5.7777,28,8,0,0.64,14,0
1,0,1024,6.3578,32,14,0,1.96,12,1
1,0,625,6.0568,25,7,0,0.49,12,1
1,0,961,5.4848,31,15,0,2.25,10,1
1,0,784,6.6307,28,5,0,0.25,17,1
1,0,1024,7.5903,32,10,0,1.0,16,1
1,0,1024,6.5439,32,14,0,1.96,12,1
1,0,676,6.1964,26,4,0,0.16,16,1
1,0,576,6.3368,24,2,0,0.04,16,1
1,0,900,5.8289,30,14,0,1.96,10,1
1,0,729,5.6971,27,8,0,0.64,13,1
1,0,625,5.7301,25,6,0,0.36,13,1
1,0,576,7.0003,24,5,0,0.25,13,1
1,0,576,6.0234,24,7,0,0.49,11,1
1,0,1089,6.4069,33,15,0,2.25,12,1
1,0,625,6.2146,25,7,0,0.49,12,1
1,0,625,6.3784,25,4,0,0.16,15,1
1,0,784,6.4378,28,9,0,0.81,13,1
1,0,625,5.9661,25,9,0,0.81,10,1
1,0,961,6.0936,31,11,0,1.21,14,1
1,0,676,6.561,26,7,0,0.49,13,1
1,0,729,6.6567,27,5,0,0.25,16,1
1,0,784,6.2344,28,10,1,1.0,12,1
1,0,625,6.0913,25,2,0,0.04,17,1
1,0,676,5.9915,26,7,0,0.49,13,1
1,0,784,7.1507,28,4,0,0.16,18,1
1,0,676,6.0039,26,8,1,0.64,12,1
1,0,784,6.5117,28,10,1,1.0,12,1
1,0,729,5.6348,27,11,1,1.21,10,1
1,0,576,5.8579,24,8,1,0.64,10,1
1,0,900,7.6024,30,6,0,0.36,18,1
1,0,676,6.6451,26,4,0,0.16,16,1
1,0,841,6.7639,29,7,0,0.49,16,1
1,0,1024,6.7799,32,11,0,1.21,15,1
1,0,676,6.3099,26,8,0,0.64,12,1
1,0,784,6.4135,28,8,0,0.64,14,1
1,0,625,6.3578,25,6,0,0.36,13,1
1,0,625,4.9972,25,7,1,0.49,12,1
1,0,841,6.7142,29,7,0,0.49,16,1
1,0,676,6.5511,26,6,0,0.36,14,1
1,0,729,6.6201,27,3,0,0.09,18,1
1,0,1156,6.5511,34,11,0,1.21,17,0
1,0,1024,6.5396,32,8,0,0.64,18,1
1,0,729,5.7301,27,10,1,1.0,11,1
1,0,961,6.7627,31,8,0,0.64,17,0
1,0,576,6.541,24,4,1,0.16,14,1
1,0,576,6.6846,24,7,1,0.49,11,1
1,0,1024,6.5117,32,12,1,1.44,14,1
1,1,625,6.2442,25,5,0,0.25,14,1
1,0,961,6.5681,31,9,0,0.81,16,1
1,0,625,6.7393,25,6,0,0.36,13,1
1,0,625,6.7856,25,5,0,0.25,14,1
1,0,729,6.541,27,7,0,0.49,14,1
1,0,1156,6.7464,34,16,0,2.56,12,1
1,0,841,6.6039,29,11,0,1.21,12,1
1,0,625,6.1759,25,5,0,0.25,14,1
1,0,900,6.6783,30,8,0,0.64,16,1
1,0,1024,6.3613,32,13,0,1.69,13,0
1,0,1156,6.7673,34,16,0,2.56,12,1
1,0,729,6.3578,27,5,0,0.25,16,1
1,0,1089,7.2335,33,10,0,1.0,17,1
1,0,961,7.3796,31,11,0,1.21,14,1
1,0,900,6.5147,30,12,1,1.44,12,1
1,0,1024,6.1356,32,8,0,0.64,18,1
1,0,841,6.4968,29,11,0,1.21,12,1
1,0,576,6.7393,24,6,0,0.36,12,1
1,0,1089,6.4877,33,15,0,2.25,12,0
1,0,729,7.0901,27,6,0,0.36,15,1
1,0,1089,6.6464,33,14,0,1.96,13,1
1,0,729,5.5215,27,9,1,0.81,12,1
1,0,576,5.8377,24,6,0,0.36,12,1
1,0,1156,7.6568,34,16,0,2.56,12,1
1,0,729,6.9363,27,3,0,0.09,18,1
1,0,625,6.5695,25,7,0,0.49,12,1
1,0,784,6.3886,28,12,0,1.44,10,1
1,1,1024,6.725,32,11,0,1.21,15,1
1,0,784,5.9915,28,7,0,0.49,15,1
1,0,961,6.5806,31,11,1,1.21,14,1
1,0,961,5.118,31,13,1,1.69,12,1
1,0,729,6.1463,27,7,0,0.49,14,1
1,0,729,6.4661,27,3,0,0.09,18,1
1,0,1156,6.3969,34,15,0,2.25,13,1
1,0,576,5.9915,24,6,0,0.36,12,1
1,0,576,6.9078,24,5,0,0.25,13,1
1,0,784,6.5013,28,8,0,0.64,14,1
1,0,576,6.3154,24,2,0,0.04,16,1
1,0,784,6.6657,28,8,0,0.64,14,1
1,0,784,6.5028,28,7,0,0.49,15,1
1,0,625,5.7038,25,9,0,0.81,10,1
1,0,900,6.5468,30,8,0,0.64,16,1
1,0,1089,6.0822,33,13,0,1.69,14,0
1,0,625,6.5294,25,6,0,0.36,13,1
1,0,676,6.0259,26,6,0,0.36,14,1
1,0,625,6.6214,25,7,0,0.49,12,1
1,0,676,5.4424,26,7,0,0.49,13,1
1,0,841,6.2246,29,7,0,0.49,16,1
1,0,900,6.3969,30,8,0,0.64,16,0
1,0,1089,7.177,33,9,0,0.81,18,1
1,0,1024,6.9641,32,8,0,0.64,18,1
1,0,1024,6.4409,32,11,0,1.21,15,1
1,0,1089,6.9565,33,11,0,1.21,16,1
1,0,1024,6.8906,32,8,0,0.64,18,0
1,0,1156,7.1562,34,10,0,1.0,18,1
1,0,676,6.7069,26,8,0,0.64,12,1
1,0,576,6.2146,24,1,0,0.01,17,1
1,0,1024,6.5793,32,14,0,1.96,12,1
1,0,841,6.2879,29,11,0,1.21,12,1
1,0,1156,6.8437,34,11,0,1.21,17,0
1,0,625,5.7038,25,8,0,0.64,11,1
1,0,1024,6.6606,32,15,0,2.25,11,0
1,0,1156,6.477,34,20,0,4.0,8,0
1,0,841,6.9037,29,5,0,0.25,18,1
1,0,784,6.3665,28,5,0,0.25,17,1
1,0,676,5.4424,26,4,0,0.16,16,1
1,0,625,6.2897,25,3,0,0.09,16,0
1,0,1156,6.4425,34,13,1,1.69,15,1
1,0,784,6.5132,28,10,1,1.0,12,1
1,0,729,5.4424,27,5,0,0.25,16,1
1,0,841,6.5737,29,5,0,0.25,18,1
1,0,576,5.656,24,5,0,0.25,13,1
1,0,676,6.2146,26,5,0,0.25,15,1
1,0,729,5.743,27,5,0,0.25,16,1
1,0,625,5.2983,25,8,0,0.64,11,1
1,0,1089,7.0085,33,11,0,1.21,16,1
1,0,841,6.3682,29,11,0,1.21,12,1
1,0,900,6.0014,30,8,0,0.64,16,1
1,0,625,6.4265,25,6,0,0.36,13,1
1,0,729,5.624,27,5,0,0.25,16,1
1,1,625,6.869,25,2,0,0.04,17,1
1,0,900,6.5396,30,9,0,0.81,15,1
1,0,784,6.3333,28,10,0,1.0,12,1
1,0,1089,7.1974,33,19,0,3.61,8,1
1,0,961,6.5117,31,11,0,1.21,14,1
1,0,1024,6.7523,32,10,0,1.0,16,0
1,0,1024,5.5607,32,10,0,1.0,16,1
1,0,784,6.3544,28,7,0,0.49,15,1
1,0,576,6.4394,24,5,0,0.25,13,1
1,0,1024,7.2745,32,14,0,1.96,12,1
1,0,784,5.8171,28,8,0,0.64,14,0
1,0,729,6.3578,27,9,0,0.81,12,1
1,0,576,6.1738,24,5,0,0.25,13,1
1,0,784,5.5215,28,7,0,0.49,15,1
1,0,576,6.1717,24,7,0,0.49,11,1
1,0,1156,6.9451,34,13,0,1.69,15,1
1,0,1089,6.9939,33,9,0,0.81,18,1
1,0,676,6.1356,26,2,0,0.04,18,1
1,0,1024,6.4378,32,14,0,1.96,12,0
1,0,625,6.7056,25,3,0,0.09,16,1
1,0,784,5.8889,28,8,0,0.64,14,1
1,0,729,5.7683,27,9,0,0.81,12,1
1,0,1024,5.8493,32,10,0,1.0,16,1
0,0,900,6.7581,30,12,0,1.44,12,1
0,0,676,5.6419,26,10,0,1.0,10,1
0,0,576,6.5497,24,6,0,0.36,12,1
0,0,576,6.4216,24,6,0,0.36,12,1
0,0,625,6.0707,25,8,0,0.64,11,0
1,0,625,6.2804,25,3,0,0.09,16,1
1,0,676,6.4378,26,4,0,0.16,16,1
1,0,676,6.3578,26,2,0,0.04,18,1
1,0,576,6.737,24,6,0,0.36,12,1
1,0,676,6.0014,26,4,0,0.16,16,1
1,0,1024,6.3154,32,11,0,1.21,15,1
1,0,961,6.9217,31,7,0,0.49,18,1
1,0,841,5.7838,29,7,0,0.49,16,1
1,0,900,6.6477,30,9,0,0.81,15,1
1,0,576,6.5511,24,4,0,0.16,14,1
1,0,576,6.3063,24,1,0,0.01,17,1
1,0,676,6.4378,26,4,0,0.16,16,1
1,0,784,6.8145,28,6,0,0.36,16,1
1,0,1089,6.6134,33,15,0,2.25,12,1
1,0,576,6.5132,24,6,0,0.36,12,0
0,0,784,6.7056,28,6,0,0.36,16,0
1,0,625,6.6464,25,4,0,0.16,15,1
1,0,729,6.5889,27,6,0,0.36,15,1
1,0,576,6.5013,24,6,0,0.36,12,1
1,0,729,6.5338,27,7,0,0.49,14,1
1,0,676,6.3279,26,6,0,0.36,14,1
1,0,784,6.2146,28,6,0,0.36,16,1
1,0,784,6.5073,28,8,0,0.64,14,1
1,0,1156,6.869,34,16,0,2.56,12,1
1,0,784,6.5876,28,6,0,0.36,16,1
1,0,1089,6.869,33,11,0,1.21,16,1
1,0,1089,6.4216,33,10,0,1.0,17,1
1,0,1024,7.051,32,13,0,1.69,13,1
1,0,841,6.5147,29,10,0,1.0,13,1
1,0,676,6.045,26,8,0,0.64,12,1
1,0,625,6.9689,25,7,0,0.49,12,1
1,0,1089,7.069,33,9,0,0.81,18,1
1,0,729,6.7476,27,6,0,0.36,15,1
1,0,576,6.4135,24,6,0,0.36,12,1
1,0,1089,6.0474,33,9,0,0.81,18,1
1,0,841,7.0901,29,11,0,1.21,12,1
1,0,1156,6.9363,34,14,0,1.96,14,1
1,0,784,6.3099,28,8,0,0.64,14,1
1,0,961,6.6859,31,10,0,1.0,15,1
1,0,961,6.2971,31,13,0,1.69,12,1
1,0,961,5.8579,31,16,0,2.56,9,1
1,0,1024,6.6201,32,12,0,1.44,14,1
1,0,1156,6.1092,34,14,0,1.96,14,1
1,0,576,6.3969,24,4,0,0.16,14,1
1,0,1089,6.7511,33,15,0,2.25,12,1
1,0,676,6.5903,26,6,0,0.36,14,1
1,0,1156,6.541,34,16,0,2.56,12,1
1,0,729,6.9324,27,11,0,1.21,10,1
1,0,784,7.051,28,8,0,0.64,14,1
1,0,1024,6.8906,32,10,0,1.0,16,1
1,0,1156,6.5889,34,13,0,1.69,15,1
1,0,1156,6.2823,34,14,0,1.96,14,1
1,0,625,6.2766,25,7,0,0.49,12,1
1,0,676,5.6664,26,7,0,0.49,13,1
1,0,676,5.7462,26,3,0,0.09,17,1
1,0,576,6.0014,24,5,0,0.25,13,1
1,0,900,7.0031,30,6,0,0.36,18,1
1,0,729,6.4922,27,9,0,0.81,12,1
1,0,1024,6.0707,32,14,0,1.96,12,1
1,1,729,5.9915,27,4,0,0.16,17,1
1,0,676,5.5722,26,5,0,0.25,15,1
1,0,1156,5.9915,34,15,0,2.25,13,1
1,0,1156,6.3578,34,12,0,1.44,16,0
1,0,576,6.0707,24,6,0,0.36,12,1
1,0,625,6.1527,25,2,0,0.04,17,1
1,0,625,5.5413,25,2,0,0.04,17,1
1,0,676,6.4378,26,8,0,0.64,12,0
1,0,1156,6.5073,34,15,0,2.25,13,1
1,0,900,6.9556,30,12,0,1.44,12,1
1,0,1156,7.5208,34,11,0,1.21,17,1
1,0,1089,6.6451,33,12,0,1.44,15,1
1,0,1156,6.5338,34,17,1,2.89,11,1
1,0,576,6.477,24,3,0,0.09,15,1
1,0,676,6.1717,26,4,0,0.16,16,0
0,0,576,5.8319,24,2,0,0.04,16,0
0,0,1024,6.809,32,12,0,1.44,14,1
0,0,1089,5.8608,33,15,0,2.25,12,0
0,0,841,6.6529,29,11,0,1.21,12,1
0,0,676,6.5511,26,8,0,0.64,12,1
0,0,676,6.3835,26,4,0,0.16,16,0
0,0,576,6.6067,24,6,0,0.36,12,0
0,0,729,6.2785,27,9,0,0.81,12,0
0,0,625,6.0331,25,3,0,0.09,16,1
0,0,1156,7.2399,34,10,0,1.0,18,1
0,0,1156,6.3063,34,16,0,2.56,12,0
1,0,576,6.4877,24,7,0,0.49,11,0
1,0,625,6.3491,25,7,0,0.49,12,0
1,0,841,6.4362,29,10,0,1.0,13,0
1,0,961,6.0913,31,9,0,0.81,16,1
1,0,729,6.3578,27,6,0,0.36,15,0
1,0,729,6.2916,27,8,0,0.64,13,0
1,0,900,6.7346,30,9,0,0.81,15,0
0,0,841,6.5848,29,9,0,0.81,14,1
0,0,676,6.3226,26,7,0,0.49,13,1
0,0,576,5.8111,24,5,0,0.25,13,0
0,1,576,6.2344,24,3,0,0.09,15,1
0,0,961,6.3578,31,13,0,1.69,12,1
0,0,841,6.2364,29,11,0,1.21,12,1
1,0,625,5.7398,25,4,0,0.16,15,1
1,0,1156,6.3578,34,16,0,2.56,12,1
1,0,1156,6.5073,34,16,0,2.56,12,1
1,0,729,6.4473,27,9,0,0.81,12,1
1,0,625,6.5013,25,3,0,0.09,16,1
1,0,729,5.9915,27,7,0,0.49,14,1
1,0,576,5.3936,24,7,0,0.49,11,0
1,0,900,6.3578,30,11,0,1.21,13,1
1,0,841,6.0474,29,10,0,1.0,13,1
1,0,729,6.4723,27,5,0,0.25,16,1
1,0,784,5.8435,28,7,0,0.49,15,1
1,1,625,6.7334,25,3,0,0.09,16,1
1,0,625,6.4378,25,4,0,0.16,15,1
1,0,900,6.9078,30,15,0,2.25,9,1
1,0,961,6.8233,31,9,0,0.81,16,1
1,0,961,6.593,31,13,0,1.69,12,1
1,1,576,6.1048,24,6,0,0.36,12,1
1,0,841,6.18,29,9,0,0.81,14,1
1,0,625,6.0186,25,7,0,0.49,12,1
1,0,900,6.7856,30,10,0,1.0,14,1
0,0,729,5.8579,27,7,0,0.49,14,1
0,0,729,6.2146,27,4,0,0.16,17,0
0,0,1089,6.5971,33,12,0,1.44,15,1
0,0,900,6.1291,30,11,0,1.21,13,1
0,0,784,6.5806,28,6,0,0.36,16,1
0,1,1024,6.5497,32,11,0,1.21,15,1
0,0,900,6.6657,30,10,0,1.0,14,1
0,0,841,6.8298,29,7,0,0.49,16,1
0,0,676,6.107,26,6,0,0.36,14,1
0,0,576,5.7838,24,3,0,0.09,15,0
0,0,1024,6.5265,32,13,0,1.69,13,0
0,0,1024,6.2577,32,10,0,1.0,16,1
0,0,784,6.1527,28,4,0,0.16,18,1
0,0,1156,6.2934,34,16,0,2.56,12,0
0,0,841,6.7476,29,9,0,0.81,14,0
0,0,900,5.9915,30,12,0,1.44,12,0
0,0,729,6.3044,27,3,0,0.09,18,0
0,0,1024,6.3578,32,10,0,1.0,16,0
0,0,576,5.7038,24,7,0,0.49,11,0
0,0,1024,6.9735,32,10,0,1.0,16,0
0,0,1024,6.5806,32,14,0,1.96,12,0
0,0,961,6.5117,31,8,0,0.64,17,1
0,1,729,6.6053,27,4,0,0.16,17,1
0,0,676,7.2984,26,8,0,0.64,12,1
0,0,729,6.7742,27,4,0,0.16,17,0
0,0,1089,6.8024,33,15,0,2.25,12,0
0,0,961,6.6859,31,12,0,1.44,13,0
0,0,676,6.3099,26,7,0,0.49,13,0
0,0,1156,6.3544,34,18,0,3.24,10,0
0,0,729,6.2916,27,9,0,0.81,12,0
0,0,1024,6.672,32,10,0,1.0,16,1
0,0,784,6.541,28,8,0,0.64,14,0
0,0,676,5.5215,26,4,0,0.16,16,0
0,0,576,6.0331,24,1,0,0.01,17,1
0,0,1024,6.4536,32,17,0,2.89,9,0
0,0,1024,6.0234,32,14,0,1.96,12,1
0,0,625,5.7038,25,7,0,0.49,12,0
0,0,676,6.3404,26,3,0,0.09,17,1
0,0,1024,6.463,32,10,0,1.0,16,0
0,0,841,5.8749,29,10,0,1.0,13,0
0,0,1089,5.9915,33,15,0,2.25,12,0
0,0,961,6.0234,31,13,0,1.69,12,0
0,0,1089,6.2748,33,13,0,1.69,14,0
0,0,841,6.4536,29,7,0,0.49,16,0
0,0,729,4.9698,27,7,0,0.49,14,0
0,0,961,6.3099,31,11,0,1.21,14,0
0,0,1024,6.1862,32,14,0,1.96,12,0
0,0,961,6.3936,31,8,0,0.64,17,1
0,1,676,6.1356,26,6,0,0.36,14,1
0,0,676,6.6995,26,4,0,0.16,16,0
0,0,625,6.4378,25,7,0,0.49,12,0
0,0,961,6.9499,31,13,0,1.69,12,0
0,0,729,6.6846,27,5,0,0.25,16,1
0,0,729,6.6995,27,5,0,0.25,16,1
0,0,676,6.0707,26,3,0,0.09,17,1
0,0,784,6.6214,28,5,0,0.25,17,1
0,0,676,5.6836,26,6,0,0.36,14,1
1,0,625,6.0568,25,7,0,0.49,12,1
1,0,1089,6.5511,33,15,0,2.25,12,1
1,0,625,5.649,25,3,0,0.09,16,1
1,0,729,6.2953,27,7,0,0.49,14,0
1,0,625,6.1738,25,7,0,0.49,12,1
1,0,676,5.9349,26,4,0,0.16,16,1
1,0,900,6.2305,30,8,0,0.64,16,1
1,0,625,6.2146,25,7,0,0.49,12,1
1,0,1089,6.5834,33,15,0,2.25,12,1
1,0,625,5.3936,25,7,0,0.49,12,0
1,0,576,6.1633,24,3,0,0.09,15,0
1,0,676,7.0917,26,7,0,0.49,13,1
1,0,576,5.9915,24,5,0,0.25,13,0
1,0,841,6.3986,29,7,0,0.49,16,1
1,0,841,6.1759,29,11,0,1.21,12,0
1,0,1089,6.5511,33,11,0,1.21,16,0
1,1,729,6.6451,27,9,0,0.81,12,1
1,1,625,6.271,25,5,0,0.25,14,1
1,1,900,6.1092,30,8,0,0.64,16,1
1,1,1156,6.3333,34,18,0,3.24,10,1
1,1,1024,6.4754,32,13,0,1.69,13,1
1,1,1024,6.1527,32,18,0,3.24,8,1
1,1,576,5.6168,24,2,0,0.04,16,1
1,1,1089,6.5779,33,11,0,1.21,16,1
1,1,1089,6.9866,33,15,0,2.25,12,1
1,1,1156,6.5117,34,12,0,1.44,16,1
0,1,576,5.8579,24,0,0,0.0,18,0
0,1,784,6.6451,28,8,1,0.64,14,1
0,1,676,6.477,26,8,1,0.64,12,0
0,1,900,6.6214,30,15,0,2.25,9,0
0,1,729,5.8749,27,11,0,1.21,10,0
0,1,576,5.5215,24,9,0,0.81,9,0
0,1,784,5.994,28,10,0,1.0,12,0
0,1,625,6.0521,25,8,0,0.64,11,0
0,1,625,5.6595,25,10,0,1.0,9,0
0,1,676,5.7333,26,7,1,0.49,13,0
0,0,576,6.3596,24,4,1,0.16,14,1
0,1,900,6.0822,30,8,1,0.64,16,0
0,1,961,6.1092,31,13,0,1.69,12,0
0,1,784,5.1533,28,5,0,0.25,17,1
0,0,729,6.271,27,5,1,0.25,16,1
0,1,900,6.1779,30,12,1,1.44,12,0
0,0,729,6.725,27,9,1,0.81,12,1
0,1,1156,5.5607,34,16,1,2.56,12,0
0,1,625,5.6312,25,7,1,0.49,12,0
0,1,625,5.8579,25,6,1,0.36,13,0
0,1,576,4.9767,24,7,0,0.49,11,0
0,1,729,5.4381,27,11,1,1.21,10,0
0,0,576,6.1092,24,3,1,0.09,15,1
0,1,625,5.9532,25,3,0,0.09,16,1
0,1,1156,6.7056,34,11,0,1.21,17,1
0,1,900,6.869,30,8,0,0.64,16,0
0,1,784,6.0113,28,9,0,0.81,13,0
0,1,625,6.2653,25,3,0,0.09,16,1
0,0,576,6.3596,24,5,0,0.25,13,1
0,1,784,6.4297,28,8,0,0.64,14,0
1,1,625,5.4381,25,7,0,0.49,12,1
1,1,900,6.363,30,13,1,1.69,11,1
1,1,1024,7.0519,32,8,0,0.64,18,1
1,1,784,5.9402,28,10,1,1.0,12,1
1,1,729,6.4232,27,5,1,0.25,16,1
1,1,784,6.1092,28,10,1,1.0,12,1
1,1,625,6.0521,25,7,1,0.49,12,1
1,1,784,6.2146,28,10,1,1.0,12,1
1,1,625,6.5695,25,7,0,0.49,12,1
1,1,625,6.6201,25,7,0,0.49,12,1
1,1,576,5.7777,24,3,0,0.09,15,1
1,1,784,6.9451,28,9,0,0.81,13,1
1,1,625,6.1964,25,3,0,0.09,16,1
1,1,841,6.2634,29,10,0,1.0,13,1
1,1,841,5.961,29,12,1,1.44,11,1
1,1,676,6.1312,26,10,1,1.0,10,1
1,1,576,5.9915,24,3,1,0.09,15,1
1,1,729,6.6026,27,6,1,0.36,15,1
1,1,676,6.3953,26,6,1,0.36,14,1
0,1,1089,7.0309,33,9,1,0.81,18,0
1,1,625,6.3986,25,5,1,0.25,14,1
1,1,676,5.6971,26,10,1,1.0,10,1
1,1,729,5.4596,27,9,1,0.81,12,1
1,1,625,5.3936,25,6,1,0.36,13,1
1,1,676,6.5468,26,12,1,1.44,8,1
1,1,576,6.2953,24,9,1,0.81,9,1
1,1,625,5.5215,25,7,1,0.49,12,1
1,1,676,5.9915,26,4,0,0.16,16,1
1,1,961,6.0474,31,10,0,1.0,15,1
1,1,625,5.6699,25,7,0,0.49,12,1
1,1,1089,5.5094,33,17,1,2.89,10,1
1,1,676,5.9402,26,7,1,0.49,13,1
1,1,576,6.4862,24,6,0,0.36,12,1
1,1,1024,6.5667,32,14,0,1.96,12,1
1,1,841,6.1759,29,9,0,0.81,14,1
1,1,625,6.463,25,3,0,0.09,16,1
1,1,1024,6.3902,32,14,0,1.96,12,1
1,1,961,6.3596,31,18,0,3.24,7,1
0,1,900,6.5191,30,8,0,0.64,16,1
0,1,1024,7.3382,32,10,0,1.0,16,1
0,1,1089,6.7569,33,15,0,2.25,12,1
0,1,1024,6.2804,32,8,0,0.64,18,1
0,1,729,5.7301,27,9,0,0.81,12,1
0,1,841,6.3969,29,9,0,0.81,14,0
0,1,961,6.4378,31,17,0,2.89,8,0
0,1,841,6.2916,29,10,0,1.0,13,1
0,1,729,5.8406,27,8,0,0.64,13,0
0,1,625,6.2146,25,7,0,0.49,12,0
0,0,676,5.7683,26,9,1,0.81,11,1
0,1,729,5.9349,27,3,1,0.09,18,0
0,1,625,5.2364,25,4,1,0.16,15,0
0,1,1089,5.124,33,18,1,3.24,9,0
0,1,625,5.5215,25,17,1,2.89,2,0
0,1,576,5.247,24,15,1,2.25,3,0
0,0,784,6.9078,28,10,1,1.0,12,1
0,1,576,6.3351,24,6,1,0.36,12,0
0,1,576,6.4362,24,9,1,0.81,9,0
0,1,576,6.5709,24,6,1,0.36,12,1
0,1,576,6.2879,24,6,0,0.36,12,0
0,1,676,5.8721,26,7,1,0.49,13,0
0,1,576,5.4806,24,6,1,0.36,12,0
0,1,576,6.0355,24,6,0,0.36,12,0
1,1,729,6.9334,27,8,0,0.64,13,0
1,1,1024,5.687,32,9,0,0.81,17,0
1,1,676,6.3099,26,8,1,0.64,12,1
1,1,729,6.2879,27,9,1,0.81,12,1
1,1,900,5.8579,30,19,0,3.61,5,0
1,1,729,6.5667,27,9,0,0.81,12,0
1,1,841,5.4337,29,11,1,1.21,12,0
1,1,729,5.3936,27,9,1,0.81,12,0
1,1,841,5.7366,29,11,1,1.21,12,0
1,0,576,5.7683,24,6,1,0.36,12,1
1,1,729,5.7137,27,9,1,0.81,12,0
1,1,676,6.1092,26,7,0,0.49,13,0
1,1,841,6.6241,29,11,1,1.21,12,1
1,1,676,6.0822,26,8,0,0.64,12,0
1,1,784,5.7838,28,11,1,1.21,11,0
1,1,1024,6.7405,32,10,0,1.0,16,0
1,1,676,5.7462,26,6,0,0.36,14,0
1,1,1156,6.1717,34,15,0,2.25,13,1
1,1,961,6.0615,31,13,0,1.69,12,1
1,1,841,6.1944,29,9,0,0.81,14,1
1,1,576,5.8889,24,6,0,0.36,12,1
1,1,1089,5.9915,33,13,0,1.69,14,1
1,1,576,6.0474,24,6,1,0.36,12,1
1,1,729,5.7398,27,9,1,0.81,12,0
1,1,729,5.6021,27,10,1,1.0,11,0
1,1,676,5.9532,26,2,1,0.04,18,1
1,1,576,6.271,24,2,1,0.04,16,1
1,1,961,6.5511,31,14,0,1.96,11,0
1,1,1024,5.9428,32,16,0,2.56,10,0
1,1,784,6.142,28,10,0,1.0,12,0
1,1,1156,5.9915,34,18,0,3.24,10,0
1,1,1089,6.1203,33,17,0,2.89,10,0
0,1,576,5.5607,24,6,1,0.36,12,0
0,0,784,6.5582,28,9,1,0.81,13,1
0,1,900,6.0331,30,11,0,1.21,13,0
0,1,729,5.5215,27,10,1,1.0,11,0
0,1,576,6.1312,24,6,1,0.36,12,0
0,1,676,5.7838,26,12,1,1.44,8,0
0,1,625,5.6168,25,10,1,1.0,9,0
0,1,676,5.7838,26,8,1,0.64,12,0
0,0,625,5.7038,25,4,1,0.16,15,1
0,1,961,5.5215,31,17,1,2.89,8,0
0,1,784,5.663,28,10,0,1.0,12,0
0,1,784,6.3099,28,9,1,0.81,13,1
0,1,1089,6.0615,33,15,0,2.25,12,0
0,1,900,5.9269,30,16,1,2.56,8,1
0,1,900,6.3578,30,15,0,2.25,9,0
0,1,625,6.2748,25,6,0,0.36,13,0
0,1,576,5.5215,24,6,0,0.36,12,1
0,1,729,6.0868,27,9,0,0.81,12,0
0,1,676,6.1247,26,8,0,0.64,12,0
0,1,729,6.0822,27,9,0,0.81,12,0
0,1,729,6.3099,27,9,1,0.81,12,0
0,1,625,6.477,25,3,0,0.09,16,1
0,1,676,6.0474,26,9,0,0.81,11,0
0,1,729,6.0403,27,8,0,0.64,13,1
0,1,625,5.2983,25,5,0,0.25,14,1
0,1,676,5.9915,26,12,0,1.44,8,0
0,1,576,5.7038,24,9,0,0.81,9,1
0,1,900,6.5709,30,12,0,1.44,12,1
0,1,625,5.9865,25,7,0,0.49,12,0
0,1,841,5.9865,29,14,0,1.96,9,0
0,1,784,6.5985,28,6,0,0.36,16,1
0,1,625,6.5338,25,7,0,0.49,12,0
0,1,784,5.3566,28,16,0,2.56,6,0
0,1,961,6.1203,31,13,0,1.69,12,0
0,1,576,5.8579,24,3,0,0.09,15,1
0,1,784,6.3578,28,6,0,0.36,16,0
0,0,961,6.5497,31,9,0,0.81,16,0
0,1,729,5.9269,27,5,0,0.25,16,0
0,1,576,5.9269,24,5,0,0.25,13,0
0,1,1089,5.8972,33,15,0,2.25,12,0
0,1,841,5.3936,29,11,1,1.21,12,1
0,1,961,6.4313,31,9,1,0.81,16,1
0,1,961,5.9269,31,14,1,1.96,11,0
0,1,676,5.8319,26,4,1,0.16,16,0
0,1,576,5.9402,24,2,1,0.04,16,0
0,1,1024,5.5607,32,15,0,2.25,11,1
0,1,900,6.1924,30,16,1,2.56,8,1
0,1,676,6.0707,26,9,1,0.81,11,1
0,1,729,5.8999,27,10,1,1.0,11,1
0,1,1089,5.5491,33,13,1,1.69,14,1
0,1,676,6.2403,26,6,0,0.36,14,1
0,1,961,5.663,31,10,0,1.0,15,1
0,1,900,6.7639,30,6,0,0.36,18,1
0,1,625,6.0707,25,7,0,0.49,12,1
0,1,841,6.2146,29,22,0,4.84,1,1
0,1,576,6.3063,24,2,0,0.04,16,1
0,1,841,5.9915,29,11,0,1.21,12,1
0,1,900,6.0707,30,15,0,2.25,9,1
0,1,576,5.9269,24,5,0,0.25,13,0
0,1,1024,6.3044,32,14,0,1.96,12,1
0,1,576,5.9269,24,6,0,0.36,12,0
0,1,625,6.2146,25,5,0,0.25,14,0
0,1,576,5.8721,24,2,0,0.04,16,0
0,0,841,6.3969,29,11,0,1.21,12,1
0,1,1156,6.477,34,16,0,2.56,12,1
0,1,1024,6.7429,32,14,0,1.96,12,1
0,1,729,5.7838,27,9,0,0.81,12,1
1,1,1089,5.6664,33,15,1,2.25,12,0
1,1,576,6.1247,24,4,1,0.16,14,0
1,1,841,6.5667,29,9,1,0.81,14,1
1,1,1156,6.0234,34,15,0,2.25,13,0
1,1,625,6.4754,25,3,1,0.09,16,1
1,1,676,6.4505,26,7,0,0.49,13,1
1,1,784,6.5806,28,6,0,0.36,16,0
1,1,1024,6.8167,32,14,0,1.96,12,1
1,1,676,5.9269,26,7,0,0.49,13,0
1,1,729,6.3835,27,3,0,0.09,18,1
0,1,1024,6.6386,32,10,0,1.0,16,0
0,1,676,6.2146,26,8,0,0.64,12,0
0,0,625,5.6168,25,8,1,0.64,11,1
0,0,576,5.5607,24,8,1,0.64,10,1
0,1,784,6.869,28,6,0,0.36,16,0
0,1,784,6.4378,28,10,1,1.0,12,0
0,1,676,5.8081,26,8,1,0.64,12,0
0,1,841,6.4378,29,11,1,1.21,12,0
0,1,576,5.5215,24,8,1,0.64,10,0
0,1,1156,5.8833,34,16,1,2.56,12,0
0,1,1156,6.3099,34,16,1,2.56,12,0
0,1,576,5.9989,24,6,1,0.36,12,0
0,0,676,6.1377,26,9,1,0.81,11,1
0,1,576,5.9814,24,6,1,0.36,12,0
0,1,576,5.6276,24,6,1,0.36,12,0
0,1,729,5.9915,27,7,1,0.49,14,0
0,1,576,6.0283,24,2,1,0.04,16,0
0,1,1089,6.1356,33,15,1,2.25,12,0
0,1,1089,7.2738,33,9,0,0.81,18,0
0,1,729,4.8283,27,17,1,2.89,4,0
0,1,1156,5.2983,34,18,1,3.24,10,0
0,1,961,5.7038,31,15,1,2.25,10,0
0,1,1024,6.2558,32,16,1,2.56,10,0
0,1,625,5.5835,25,6,1,0.36,13,1
0,1,676,5.7838,26,9,1,0.81,11,0
0,1,900,5.8579,30,15,1,2.25,9,1
0,1,1156,5.8289,34,19,1,3.61,9,0
0,1,625,6.4378,25,6,1,0.36,13,0
0,1,841,5.366,29,13,0,1.69,10,0
0,1,784,6.5338,28,10,0,1.0,12,0
0,1,1024,5.6168,32,18,0,3.24,8,1
0,1,1024,6.1247,32,16,0,2.56,10,0
0,1,676,6.4216,26,8,1,0.64,12,1
0,0,625,6.5958,25,3,1,0.09,16,1
0,1,676,5.0938,26,8,1,0.64,12,0
0,1,576,5.5607,24,10,1,1.0,8,0
0,1,729,6.1985,27,10,0,1.0,11,0
0,0,676,6.3544,26,8,1,0.64,12,1
0,0,625,6.2344,25,7,1,0.49,12,1
0,1,676,6.3368,26,12,1,1.44,8,1
0,1,841,6.2442,29,14,1,1.96,9,0
0,0,625,6.1549,25,11,1,1.21,8,1
0,1,729,5.8141,27,8,1,0.64,13,0
0,1,784,6.1759,28,10,1,1.0,12,0
0,1,676,6.4646,26,8,1,0.64,12,0
0,1,625,6.3509,25,9,1,0.81,10,0
0,1,1024,5.7526,32,20,1,4.0,6,0
0,1,900,5.8861,30,13,1,1.69,11,1
0,1,625,5.826,25,7,1,0.49,12,1
0,1,676,5.9915,26,7,0,0.49,13,0
0,1,576,5.7038,24,3,0,0.09,15,0
0,1,1156,6.363,34,18,0,3.24,10,0
0,1,576,5.7714,24,4,0,0.16,14,0
0,0,676,6.1633,26,8,1,0.64,12,1
0,0,625,6.0981,25,12,1,1.44,7,1
0,1,625,5.7038,25,13,1,1.69,6,0
0,1,729,5.5294,27,11,1,1.21,10,0
0,1,625,6.0379,25,7,1,0.49,12,0
0,1,1156,5.7589,34,22,1,4.84,6,0
0,1,841,6.3154,29,7,0,0.49,16,0
0,1,961,6.5806,31,7,0,0.49,18,0
0,1,625,6.5917,25,6,0,0.36,13,0
0,1,625,5.7494,25,7,0,0.49,12,1
0,1,729,5.3936,27,12,0,1.44,9,0
1,1,625,5.4596,25,11,1,1.21,8,0
1,1,729,5.8081,27,12,1,1.44,9,0
1,1,676,5.8081,26,9,1,0.81,11,0
1,1,900,5.8081,30,13,1,1.69,11,0
1,1,784,5.9402,28,10,1,1.0,12,0
1,1,676,5.9661,26,8,1,0.64,12,0
1,1,1156,5.5215,34,23,1,5.29,5,0
1,1,729,6.5117,27,4,1,0.16,17,1
1,1,676,6.18,26,4,1,0.16,16,1
1,1,625,6.6451,25,3,1,0.09,16,1
1,1,625,5.7838,25,15,1,2.25,4,1
1,1,900,6.142,30,13,1,1.69,11,0
1,1,576,5.8579,24,4,0,0.16,14,0
1,1,676,5.9269,26,8,1,0.64,12,1
1,1,729,5.7038,27,16,0,2.56,5,0
1,1,625,6.1633,25,3,1,0.09,16,1
1,0,729,6.2691,27,9,1,0.81,12,1
1,1,676,6.2403,26,10,1,1.0,10,0
1,0,729,6.0981,27,9,1,0.81,12,1
1,1,841,5.5797,29,12,1,1.44,11,0
1,1,729,5.5607,27,9,1,0.81,12,0
1,1,576,5.7621,24,9,1,0.81,9,1
0,1,676,6.4394,26,8,0,0.64,12,0
0,1,625,5.9915,25,8,0,0.64,11,0
0,1,576,5.9349,24,4,0,0.16,14,1
0,1,841,6.6884,29,7,0,0.49,16,0
0,1,625,6.1026,25,3,0,0.09,16,0
0,1,784,5.7652,28,7,0,0.49,15,0
0,1,900,5.994,30,16,0,2.56,8,0
0,1,729,6.0822,27,12,0,1.44,9,1
0,1,576,6.0331,24,8,0,0.64,10,1
0,1,625,5.9269,25,9,0,0.81,10,0
0,1,900,6.4232,30,8,0,0.64,16,1
0,1,784,5.8693,28,10,0,1.0,12,1
0,1,784,6.0521,28,4,0,0.16,18,1
0,1,676,5.5797,26,8,0,0.64,12,0
0,1,576,6.0544,24,4,0,0.16,14,1
0,1,625,5.5215,25,7,0,0.49,12,0
0,1,625,6.3279,25,2,0,0.04,17,1
0,1,841,5.6664,29,11,0,1.21,12,0
0,1,676,5.9738,26,4,0,0.16,16,0
0,1,676,6.3578,26,8,0,0.64,12,1
0,1,1024,5.8464,32,9,0,0.81,17,0
0,1,784,7.1562,28,6,0,0.36,16,1
1,0,784,6.7627,28,5,0,0.25,17,1
1,1,576,6.0234,24,4,0,0.16,14,1
1,0,841,5.4161,29,17,0,2.89,6,1
1,0,729,6.0014,27,7,0,0.49,14,1
1,1,961,6.5806,31,13,0,1.69,12,1
1,1,900,6.3578,30,12,0,1.44,12,1
1,1,676,6.2146,26,8,0,0.64,12,0
1,1,841,5.5215,29,11,0,1.21,12,0
1,1,676,5.0434,26,8,0,0.64,12,0
1,1,729,6.0064,27,9,0,0.81,12,0
0,1,1089,5.8579,33,15,1,2.25,12,1
0,1,676,6.1356,26,8,1,0.64,12,1
0,1,1156,6.2146,34,18,0,3.24,10,1
0,1,900,6.7405,30,8,0,0.64,16,1
0,1,841,6.3578,29,11,0,1.21,12,1
0,1,784,5.9915,28,6,0,0.36,16,1
0,0,1156,6.608,34,17,0,2.89,11,0
0,1,625,5.8579,25,5,0,0.25,14,1
0,1,676,6.0822,26,8,0,0.64,12,1
0,1,625,6.5889,25,6,0,0.36,13,1
0,1,625,6.8773,25,8,0,0.64,11,1
0,1,900,6.6214,30,8,0,0.64,16,1
0,1,900,6.3578,30,6,0,0.36,18,1
0,1,900,6.0014,30,8,0,0.64,16,0
0,1,900,6.4232,30,12,0,1.44,12,0
0,1,625,5.4381,25,3,0,0.09,16,0
0,1,576,4.9558,24,6,0,0.36,12,0
0,1,900,5.9532,30,6,0,0.36,18,0
0,1,729,5.9532,27,9,0,0.81,12,1
0,1,576,6.045,24,6,0,0.36,12,0
0,0,729,6.477,27,9,1,0.81,12,0
0,1,900,5.4381,30,16,1,2.56,8,0
0,1,900,6.5103,30,9,0,0.81,15,0
0,1,729,5.8693,27,3,1,0.09,18,1
0,1,676,5.5215,26,7,1,0.49,13,0
0,1,961,5.7038,31,14,1,1.96,11,0
0,1,576,5.9915,24,6,1,0.36,12,0
0,1,1156,5.7038,34,21,1,4.41,7,0
0,1,729,6.1312,27,8,1,0.64,13,0
0,0,729,6.0684,27,9,1,0.81,12,1
0,1,676,5.5215,26,9,1,0.81,11,0
0,1,784,5.7526,28,17,0,2.89,5,1
0,1,784,6.4378,28,10,0,1.0,12,0
0,1,676,6.2146,26,10,0,1.0,10,0
0,1,729,5.8021,27,9,0,0.81,12,0
0,1,784,6.3716,28,10,0,1.0,12,0
0,1,784,5.7683,28,9,1,0.81,13,0
0,1,784,5.7038,28,11,1,1.21,11,0
0,1,1024,6.6039,32,10,0,1.0,16,0
0,1,900,5.9532,30,12,1,1.44,12,0
0,1,676,6.463,26,7,1,0.49,13,0
0,1,1024,5.7838,32,21,1,4.41,5,0
0,1,576,6.0064,24,6,1,0.36,12,0
0,1,1024,5.7038,32,20,1,4.0,6,0
0,1,841,5.1705,29,16,1,2.56,7,0
0,1,729,6.1092,27,10,1,1.0,11,0
0,1,576,5.6768,24,8,1,0.64,10,0
0,1,729,6.6859,27,9,0,0.81,12,0
0,1,729,5.9269,27,12,1,1.44,9,0
0,1,576,5.4381,24,8,1,0.64,10,0
0,1,1089,6.2823,33,14,1,1.96,13,0
0,1,961,6.045,31,18,1,3.24,7,0
0,1,729,5.8889,27,11,0,1.21,10,0
0,1,729,5.7038,27,12,0,1.44,9,0
0,1,784,6.3244,28,10,0,1.0,12,0
0,1,784,6.1527,28,6,1,0.36,16,0
0,1,1156,6.1862,34,16,0,2.56,12,0
0,1,676,6.3969,26,8,0,0.64,12,0
0,1,1156,5.8944,34,17,1,2.89,11,0
0,1,576,5.2983,24,8,1,0.64,10,1
0,1,900,4.9558,30,16,1,2.56,8,0
0,1,1089,6.1048,33,15,0,2.25,12,0
0,1,841,5.7038,29,12,1,1.44,11,0
0,0,961,6.5596,31,13,0,1.69,12,1
0,0,676,6.2804,26,8,0,0.64,12,1
0,1,841,5.5607,29,10,1,1.0,13,0
0,0,676,6.5147,26,8,1,0.64,12,1
0,1,961,5.5607,31,18,1,3.24,7,0
0,1,1156,5.7038,34,18,1,3.24,10,0
0,1,729,7.1025,27,5,0,0.25,16,1
0,1,784,6.3578,28,5,0,0.25,17,0
0,1,729,5.5215,27,7,1,0.49,14,0
0,0,900,5.9764,30,14,1,1.96,10,1
0,1,576,5.6168,24,10,1,1.0,8,0
0,1,1024,5.4161,32,17,1,2.89,9,0
0,1,625,5.6168,25,12,1,1.44,7,0
0,1,900,5.8749,30,15,1,2.25,9,0
0,0,625,6.7856,25,7,1,0.49,12,1
0,1,576,5.2575,24,2,1,0.04,16,1
0,1,841,6.0403,29,16,1,2.56,7,0
0,1,1089,5.9269,33,20,1,4.0,7,0
0,1,961,5.8972,31,18,1,3.24,7,0
0,1,676,5.9915,26,8,0,0.64,12,0
0,1,676,5.8665,26,8,1,0.64,12,1
0,1,841,5.7038,29,10,0,1.0,13,0
0,1,625,6.0307,25,4,0,0.16,15,1
0,1,676,6.3969,26,9,1,0.81,11,0
0,0,841,6.8804,29,10,1,1.0,13,1
0,1,841,5.4381,29,18,1,3.24,5,0
0,1,729,5.7398,27,9,1,0.81,12,0
0,1,961,5.6131,31,17,1,2.89,8,0
0,0,729,5.9915,27,10,1,1.0,11,1
0,1,676,5.2983,26,12,1,1.44,8,0
0,1,676,6.0753,26,7,1,0.49,13,0
0,1,841,5.4381,29,17,1,2.89,6,0
0,0,900,6.5944,30,18,1,3.24,6,1
0,1,1089,5.5984,33,17,1,2.89,10,0
0,1,676,5.1705,26,12,1,1.44,8,0
0,1,625,5.5215,25,7,1,0.49,12,0
0,1,900,5.8081,30,14,1,1.96,10,0
0,0,625,6.0822,25,7,1,0.49,12,1
0,1,676,6.0591,26,4,1,0.16,16,1
0,1,841,6.6067,29,7,0,0.49,16,1
0,0,676,6.5511,26,8,1,0.64,12,1
0,1,576,5.5013,24,6,1,0.36,12,0
0,1,676,5.4381,26,8,1,0.64,12,0
0,1,841,5.6095,29,8,1,0.64,15,0
0,0,784,6.4489,28,8,1,0.64,14,1
0,0,625,5.6664,25,3,1,0.09,16,1
0,1,1024,5.7038,32,18,1,3.24,8,0
0,1,841,5.4381,29,13,1,1.69,10,0
0,1,900,5.9789,30,16,1,2.56,8,0
0,1,576,6.3491,24,9,1,0.81,9,0
0,0,900,6.4378,30,7,1,0.49,17,1
0,0,625,6.3099,25,3,1,0.09,16,1
0,1,676,5.5215,26,11,1,1.21,9,0
0,1,729,5.8944,27,13,0,1.69,8,0
0,1,1156,4.6052,34,14,1,1.96,14,0
0,0,1089,5.8579,33,15,1,2.25,12,1
0,1,625,5.6699,25,9,1,0.81,10,0
0,1,1024,5.5215,32,22,1,4.84,4,0
0,1,1089,6.725,33,19,1,3.61,8,1
0,1,625,6.0753,25,9,1,0.81,10,1
0,0,729,5.8081,27,9,1,0.81,12,1
0,1,676,5.7236,26,8,0,0.64,12,0
0,1,1089,6.3509,33,9,0,0.81,18,0
0,1,625,5.663,25,7,0,0.49,12,1
0,1,784,6.1377,28,10,1,1.0,12,1
0,1,1156,5.9636,34,16,0,2.56,12,0
0,1,1024,7.0085,32,10,0,1.0,16,0
0,1,576,5.5013,24,2,0,0.04,16,1
0,1,625,5.8805,25,7,0,0.49,12,1
0,1,1156,5.8777,34,20,0,4.0,8,1
0,1,900,5.9915,30,12,1,1.44,12,0
0,1,625,5.7038,25,9,0,0.81,10,0
0,1,729,6.3154,27,5,0,0.25,16,1
0,1,961,5.7038,31,17,0,2.89,8,0
0,1,900,6.1092,30,17,0,2.89,7,1
0,1,625,6.0137,25,7,0,0.49,12,0
0,1,576,5.5215,24,4,0,0.16,14,1
0,1,576,5.8201,24,2,0,0.04,16,1
0,1,576,5.6348,24,2,0,0.04,16,1
0,1,576,6.2596,24,5,0,0.25,13,1
0,1,676,6.2403,26,4,0,0.16,16,1
0,1,961,6.5381,31,11,0,1.21,14,1
0,0,729,6.0521,27,5,0,0.25,16,0
0,1,576,5.8889,24,5,0,0.25,13,1
0,0,576,6.2953,24,6,0,0.36,12,0
0,1,1024,6.6451,32,14,0,1.96,12,1
0,1,625,6.2246,25,7,0,0.49,12,1
0,1,625,6.3818,25,2,0,0.04,17,1
0,1,625,6.0379,25,3,0,0.09,16,1
0,1,676,5.9269,26,4,0,0.16,16,1
0,1,676,5.9108,26,3,0,0.09,17,1
0,1,676,6.0822,26,9,0,0.81,11,1
0,0,841,6.4281,29,6,0,0.36,17,1
0,1,1089,6.4536,33,11,0,1.21,16,1
0,1,676,6.2146,26,8,0,0.64,12,1
0,1,1024,6.7742,32,14,0,1.96,12,1
0,1,1156,6.4536,34,11,0,1.21,17,1
0,0,576,5.7462,24,4,0,0.16,14,0
0,1,576,5.8579,24,3,0,0.09,15,0
0,1,576,6.7534,24,9,0,0.81,9,0
0,1,961,5.2983,31,14,1,1.96,11,0
0,0,576,5.948,24,6,1,0.36,12,1
0,1,900,5.5013,30,12,1,1.44,12,0
0,1,1024,6.6946,32,14,1,1.96,12,0
0,1,1089,6.1356,33,9,1,0.81,18,0
0,1,841,6.3578,29,7,1,0.49,16,0
0,0,961,6.2265,31,8,1,0.64,17,1
0,1,784,6.869,28,5,0,0.25,17,0
0,1,676,6.6107,26,4,0,0.16,16,1
0,1,576,6.1092,24,6,0,0.36,12,1
0,1,729,6.1654,27,10,1,1.0,11,0
0,1,625,4.8122,25,10,1,1.0,9,0
0,1,1024,6.6771,32,15,1,2.25,11,1
0,1,625,5.2983,25,9,1,0.81,10,0
0,1,1024,6.1356,32,12,0,1.44,14,0
0,1,841,5.4161,29,13,0,1.69,10,0
0,1,784,6.3578,28,9,0,0.81,13,1
0,1,1024,5.193,32,18,1,3.24,8,0
0,0,961,5.7838,31,16,1,2.56,9,0
0,1,784,6.0137,28,15,1,2.25,7,0
0,1,625,5.2983,25,9,1,0.81,10,0
0,1,841,6.2897,29,7,0,0.49,16,0
0,1,784,5.8693,28,6,0,0.36,16,0
0,1,784,5.5215,28,11,0,1.21,11,0
0,1,784,6.541,28,6,0,0.36,16,0
0,1,784,6.0403,28,10,0,1.0,12,0
0,1,1089,5.9026,33,15,0,2.25,12,1
0,1,576,5.8608,24,7,0,0.49,11,0
0,1,961,6.8167,31,9,0,0.81,16,1
0,1,784,6.8024,28,9,0,0.81,13,0
0,1,676,5.7038,26,13,0,1.69,7,0
0,1,729,5.7268,27,11,0,1.21,10,0
0,1,729,6.1633,27,14,0,1.96,7,1
0,1,784,5.8289,28,11,1,1.21,11,0
0,1,841,6.1377,29,14,1,1.96,9,1
0,1,900,5.2983,30,12,1,1.44,12,0
0,1,576,5.7526,24,3,1,0.09,15,0
0,1,900,6.4378,30,8,1,0.64,16,0
0,1,900,5.5373,30,12,1,1.44,12,0
0,1,729,6.1092,27,12,0,1.44,9,0
0,1,576,5.9269,24,6,1,0.36,12,0
0,0,676,5.7038,26,8,1,0.64,12,1
0,1,676,5.8972,26,8,1,0.64,12,0
0,0,729,6.6201,27,3,1,0.09,18,1
0,1,784,6.3784,28,7,1,0.49,15,1
0,1,961,5.5797,31,15,1,2.25,10,1
0,1,625,5.7038,25,10,1,1.0,9,1
0,1,1089,5.9661,33,21,1,4.41,6,0
0,1,961,6.2146,31,15,0,2.25,10,0
0,1,841,6.1092,29,11,0,1.21,12,0
0,1,729,5.5722,27,9,0,0.81,12,0
0,1,729,6.0684,27,7,0,0.49,14,0
0,1,900,5.2575,30,14,1,1.96,10,0
0,1,1156,6.7202,34,14,0,1.96,14,0
1,1,900,6.2403,30,8,1,0.64,16,1
1,0,900,6.271,30,11,1,1.21,13,1
1,1,676,5.9532,26,4,1,0.16,16,0
1,1,729,6.2146,27,8,0,0.64,13,0
1,1,841,6.5681,29,8,0,0.64,15,1
1,1,729,6.157,27,5,0,0.25,16,1
1,1,576,6.1527,24,6,1,0.36,12,0
1,0,625,6.0234,25,6,1,0.36,13,1
1,1,625,5.8141,25,7,0,0.49,12,0
1,1,1156,6.1759,34,15,0,2.25,13,1
1,1,576,6.2146,24,6,0,0.36,12,0
1,1,961,6.5695,31,13,0,1.69,12,0
1,1,676,6.2634,26,7,1,0.49,13,0
